2.07, 2.82, 2.44, 20, 0.13438500679441595, BAT
0.42, 0.61, 0.55, 20, 0.10564659033882694, BAT
1.28, 1.94, 2.05, 20, 0.05749214590377932, BAT
4.89, 7.28, 6.11, 20, 0.1603300206975016, BAT
2.16, 2.89, 2.90, 20, 0.006042994133025981, BAT
0.46, 0.63, 0.54, 20, 0.1428860724224097, BAT
3.46, 5.46, 5.33, 20, 0.02360404839684093, BAT
1.19, 1.48, 1.57, 20, 0.06245491391261203, BAT
2.21, 3.11, 2.90, 20, 0.06825533873341778, BAT
0.94, 1.39, 1.60, 20, 0.1493662708440197, BAT
2.15, 3.16, 2.99, 20, 0.05303131424473281, BAT
3.51, 4.02, 3.75, 20, 0.06797445368596676, BAT
0.93, 1.27, 1.22, 20, 0.03492902801788712, BAT
4.13, 5.70, 5.64, 20, 0.010419955709189823, BAT
1.83, 2.53, 2.40, 20, 0.05161705029538042, BAT
1.80, 2.75, 2.69, 20, 0.022029004056389027, BAT
0.47, 0.54, 0.53, 20, 0.019695578213477234, BAT
1.85, 2.87, 2.56, 20, 0.1085526326709443, BAT
4.09, 5.82, 6.30, 20, 0.0815313463486641, BAT
0.78, 1.21, 1.21, 20, 0.0026808637669101312, BAT
1.71, 2.14, 2.56, 20, 0.198146967055048, BAT
0.38, 0.54, 0.55, 20, 0.01283684575148516, BAT
4.44, 4.75, 5.04, 20, 0.05890579007994256, BAT
0.64, 0.65, 0.64, 20, 0.007251541112793213, BAT
1.14, 1.67, 1.47, 20, 0.11998841701452147, BAT
1.08, 1.42, 1.30, 20, 0.08482477031068736, BAT
0.62, 0.94, 0.97, 20, 0.027572616402563373, BAT
5.01, 6.48, 6.17, 20, 0.04916181404968713, BAT
1.38, 1.48, 1.56, 20, 0.052278280070892476, BAT
3.97, 5.34, 4.69, 20, 0.1212907767592719, BAT
0.37, 0.51, 0.52, 20, 0.030829146660067197, BAT
3.24, 4.87, 4.45, 20, 0.08670488691426839, BAT
1.27, 1.40, 1.49, 20, 0.0598794735081642, BAT
0.86, 0.89, 0.89, 20, 0.003464590456940438, BAT
1.19, 1.62, 1.60, 20, 0.010861433326690094, BAT
5.05, 7.52, 7.31, 20, 0.02730871717008411, BAT
1.70, 2.41, 2.14, 20, 0.11282789422032966, BAT
0.97, 1.35, 1.48, 20, 0.09337491583517285, BAT
4.80, 6.99, 6.10, 20, 0.12808684879682575, BAT
1.53, 2.04, 2.09, 20, 0.02177237612873281, BAT
6.56, 7.99, 7.85, 20, 0.017808744772194466, BAT
1.37, 1.99, 1.95, 20, 0.02006342752814003, BAT
4.03, 5.95, 5.98, 20, 0.005700430662740108, BAT
0.62, 0.78, 0.67, 20, 0.13565757295668043, BAT
0.73, 0.99, 1.02, 20, 0.030252182854065064, BAT
4.42, 4.96, 5.21, 20, 0.05099626344613012, BAT
0.75, 0.97, 0.88, 20, 0.09167550275648757, BAT
0.78, 1.18, 1.08, 20, 0.08388213057653825, BAT
4.32, 5.21, 5.60, 20, 0.07500393473306909, BAT
1.20, 1.83, 1.54, 20, 0.15859990624332657, BAT
0.64, 0.94, 0.95, 20, 0.011846419737072272, BAT
0.58, 0.77, 0.88, 20, 0.14813056509085365, BAT
0.48, 0.80, 0.65, 20, 0.1866492388165606, BAT
2.57, 2.59, 2.67, 20, 0.03007100050007997, BAT
3.73, 5.35, 4.38, 20, 0.1829372428300976, BAT
2.11, 3.07, 2.99, 20, 0.026659374008218037, BAT
1.32, 1.81, 1.77, 20, 0.021636254703576652, BAT
1.64, 1.80, 1.82, 20, 0.009581241235897105, BAT
0.76, 1.21, 1.17, 20, 0.033440449397184345, BAT
1.35, 1.65, 1.71, 20, 0.039242419473807744, BAT
1.88, 2.48, 2.54, 20, 0.021418796548042577, BAT
1.09, 1.74, 1.80, 20, 0.03415398722865948, BAT
2.26, 3.29, 3.47, 20, 0.05519049881490784, BAT
1.47, 1.52, 1.50, 20, 0.014206858780375246, BAT
1.97, 2.73, 2.44, 20, 0.10752543406406564, BAT
0.51, 0.78, 0.72, 20, 0.07974980131301047, BAT
1.13, 1.52, 1.29, 20, 0.15391779547391263, BAT
1.18, 1.93, 2.23, 20, 0.15737183680097724, BAT
4.45, 5.58, 5.97, 20, 0.06934740546524887, BAT
5.06, 6.88, 6.98, 20, 0.01492919102067256, BAT
0.55, 0.91, 0.94, 20, 0.025549031800079575, BAT
2.73, 3.52, 3.97, 20, 0.127307774201215, BAT
3.14, 4.89, 4.23, 20, 0.13651558763657012, BAT
1.92, 2.22, 2.36, 20, 0.062130856026345264, BAT
0.83, 1.26, 1.21, 20, 0.04179862406559239, BAT
1.71, 2.19, 1.87, 20, 0.143596875347697, BAT
5.87, 8.56, 8.59, 20, 0.00356995325525713, BAT
0.42, 0.63, 0.71, 20, 0.1278495930153158, BAT
5.72, 9.20, 9.23, 20, 0.003116333091913442, BAT
0.50, 0.78, 0.79, 20, 0.013010234364435823, BAT
1.11, 1.37, 1.40, 20, 0.02496834430736114, BAT
1.92, 3.00, 2.59, 20, 0.13829721263883263, BAT
5.15, 7.30, 6.67, 20, 0.08656393398552473, BAT
1.56, 2.21, 2.43, 20, 0.09951559475649373, BAT
1.92, 3.26, 3.72, 20, 0.1422881701581413, BAT
2.58, 3.15, 2.88, 20, 0.0839519390651782, BAT
1.17, 1.61, 1.70, 20, 0.05590270490459508, BAT
0.45, 0.66, 0.69, 20, 0.03602082500295221, BAT
0.33, 0.54, 0.60, 20, 0.11302640362555358, BAT
4.05, 5.60, 5.46, 20, 0.024646431820662652, BAT
1.62, 2.23, 1.85, 20, 0.17252505019393505, BAT
0.74, 0.78, 0.79, 20, 0.011964551585314901, BAT
8.38, 9.28, 9.40, 20, 0.012354155828252668, BAT
4.96, 5.72, 6.46, 20, 0.12794814643258384, BAT
5.72, 8.48, 7.82, 20, 0.07876943509882678, BAT
1.16, 1.56, 1.51, 20, 0.03255019111958611, BAT
1.08, 1.63, 1.97, 20, 0.20982159509093087, BAT
1.30, 1.85, 1.77, 20, 0.04269732918283551, BAT
1.49, 2.15, 1.76, 20, 0.18058559098314234, BAT
0.98, 1.60, 1.53, 20, 0.043394216199609315, BAT
1.55, 2.35, 2.43, 20, 0.033429351741689, BAT
1.52, 2.59, 2.26, 20, 0.12815997923179423, BAT
1.71, 2.17, 2.09, 20, 0.0363014084504806, BAT
0.86, 1.13, 1.13, 20, 0.002899989453914698, BAT
0.48, 0.74, 0.65, 20, 0.1280788021308494, BAT
2.11, 3.12, 3.20, 20, 0.025332845612042437, BAT
1.03, 1.48, 1.38, 20, 0.06655347446997498, BAT
4.25, 5.90, 5.90, 20, 0.0006722665605776214, BAT
4.27, 5.34, 4.68, 20, 0.12457592800200731, BAT
0.72, 0.90, 0.91, 20, 0.01045272338763723, BAT
1.86, 2.12, 2.40, 20, 0.13673149382952046, BAT
1.60, 2.33, 2.14, 20, 0.08113482557011574, BAT
3.48, 5.48, 5.71, 20, 0.04232693666263632, BAT
1.59, 2.05, 2.00, 20, 0.028095290206159147, BAT
0.82, 1.25, 1.07, 20, 0.1397371792304866, BAT
0.98, 1.30, 1.37, 20, 0.050863505447340064, BAT
6.49, 7.63, 7.66, 20, 0.004017224101079244, BAT
3.77, 5.44, 5.50, 20, 0.01091395625291851, BAT
1.14, 1.64, 1.72, 20, 0.046722733440577875, BAT
2.25, 3.38, 3.59, 20, 0.06116019848372162, BAT
1.41, 2.22, 2.40, 20, 0.0822838442203994, BAT
6.29, 9.66, 7.78, 20, 0.1947757770852026, BAT
6.61, 7.21, 7.00, 20, 0.02990395351108716, BAT
0.95, 1.17, 1.08, 20, 0.07944550190990919, BAT
1.09, 1.47, 1.34, 20, 0.08422766806642007, BAT
0.54, 0.77, 0.76, 20, 0.00973559647301515, BAT
1.09, 1.52, 1.51, 20, 0.008953560356350426, BAT
6.53, 9.97, 5.56, 20, 0.4422331525067244, BAT
0.44, 0.73, 0.81, 20, 0.11940735787701018, BAT
0.63, 0.88, 0.87, 20, 0.011966990022531303, BAT
0.52, 0.72, 0.65, 20, 0.097205291371177, BAT
1.36, 2.20, 2.44, 20, 0.1058299472559469, BAT
1.23, 1.68, 1.68, 20, 0.0019365789046312865, BAT
0.46, 0.72, 0.64, 20, 0.10915724620655734, BAT
0.98, 1.41, 1.40, 20, 0.004837375614951953, BAT
0.51, 0.72, 0.70, 20, 0.03463231352967953, BAT
3.72, 5.31, 5.46, 20, 0.027951899453573337, BAT
4.73, 6.52, 7.67, 20, 0.17764597430313836, BAT
0.80, 0.88, 0.91, 20, 0.027211698333534092, BAT
4.49, 6.65, 6.41, 20, 0.03521437327776777, BAT
1.64, 2.25, 2.04, 20, 0.09266984448680303, BAT
1.95, 3.15, 3.01, 20, 0.042352863825462224, BAT
0.68, 0.83, 0.86, 20, 0.037066948712773315, BAT
0.64, 0.94, 0.87, 20, 0.06980113422498212, BAT
1.26, 1.89, 1.72, 20, 0.09056293537117793, BAT
1.92, 2.81, 3.39, 20, 0.20446200344303941, BAT
7.56, 9.69, 9.44, 20, 0.02536000208479848, BAT
7.73, 9.52, 9.40, 20, 0.01278399461351101, BAT
4.02, 5.92, 5.83, 20, 0.014924862414938083, BAT
1.81, 2.38, 2.66, 20, 0.11963016013543616, BAT
1.75, 2.61, 2.92, 20, 0.1197272162043406, BAT
1.02, 1.59, 1.30, 20, 0.18325837767685169, BAT
1.08, 1.46, 1.79, 20, 0.22012793475968254, BAT
0.53, 0.79, 0.69, 20, 0.11744929973713572, BAT
1.71, 2.21, 1.97, 20, 0.10549718359275664, BAT
4.63, 6.27, 5.98, 20, 0.04499769898321796, BAT
1.51, 2.39, 2.23, 20, 0.06660514094862016, BAT
3.17, 4.19, 4.35, 20, 0.036789127753794226, BAT
5.93, 6.23, 6.44, 20, 0.033806782067517256, BAT
0.52, 0.65, 0.71, 20, 0.08626855150745913, BAT
1.76, 2.20, 2.24, 20, 0.018779348056425265, BAT
2.29, 2.98, 3.27, 20, 0.0963479214128074, BAT
0.61, 0.72, 0.72, 20, 0.005579034263117055, BAT
0.87, 1.27, 1.37, 20, 0.07932043579954869, BAT
3.22, 4.59, 4.92, 20, 0.07130034401154857, BAT
6.45, 8.92, 8.13, 20, 0.08903066704715598, BAT
2.04, 3.04, 3.09, 20, 0.016612007590309178, BAT
5.60, 7.38, 7.33, 20, 0.006936729837237296, BAT
6.29, 8.46, 8.79, 20, 0.038960098331846264, BAT
1.08, 1.52, 1.70, 20, 0.12170934722275648, BAT
0.44, 0.57, 0.54, 20, 0.059523683064730826, BAT
1.12, 1.61, 1.60, 20, 0.0061662450368839715, BAT
2.28, 3.54, 3.01, 20, 0.1505050759356681, BAT
2.86, 3.58, 3.59, 20, 0.0025411712661713597, BAT
0.73, 0.88, 0.90, 20, 0.024727723461853958, BAT
0.43, 0.70, 0.59, 20, 0.15844764645742926, BAT
1.50, 2.30, 2.17, 20, 0.05771451607920185, BAT
1.10, 1.51, 1.60, 20, 0.056672838193264644, BAT
1.12, 1.31, 1.28, 20, 0.027770538647728764, BAT
1.77, 2.16, 2.55, 20, 0.18319514323919614, BAT
6.58, 8.31, 9.18, 20, 0.10519951222598138, BAT
1.23, 1.65, 1.71, 20, 0.03259144087107291, BAT
0.42, 0.71, 0.59, 20, 0.1690506208647072, BAT
0.50, 0.74, 0.69, 20, 0.07389493894609943, BAT
0.32, 0.54, 0.54, 20, 0.007505250124328901, BAT
0.80, 1.18, 1.23, 20, 0.04184013467401872, BAT
2.49, 2.90, 3.27, 20, 0.1297733790143783, BAT
3.06, 3.31, 3.34, 20, 0.00838474752071611, BAT
0.61, 0.92, 0.96, 20, 0.03709085355253892, BAT
0.59, 0.88, 0.82, 20, 0.06310536059404334, BAT
4.97, 5.69, 4.92, 20, 0.13559824685730673, BAT
0.44, 0.65, 0.83, 20, 0.27471878734704797, BAT
7.05, 9.20, 8.69, 20, 0.055167235543282185, BAT
2.33, 4.17, 4.91, 20, 0.17722969100455818, BAT
5.42, 6.28, 6.28, 20, 0.000596498591109494, BAT
5.54, 7.82, 7.40, 20, 0.054725925762107955, BAT
2.98, 4.40, 4.83, 20, 0.097006774564175, BAT
4.03, 4.85, 4.70, 20, 0.0317775651607138, BAT
2.27, 3.32, 3.33, 20, 0.003571680949535848, BAT
2.66, 3.85, 3.76, 20, 0.02463941637292039, BAT
3.79, 5.92, 5.47, 20, 0.07671521171472992, BAT
0.59, 0.82, 0.77, 20, 0.057055998575512495, BAT
1.58, 2.08, 1.87, 20, 0.10178955789599747, BAT
1.59, 2.74, 2.90, 20, 0.059832325613482465, BAT
2.36, 3.57, 4.70, 20, 0.3167462033317169, BAT
0.56, 0.80, 0.74, 20, 0.07484986394987794, BAT
1.11, 1.54, 1.64, 20, 0.06471474312911284, BAT
1.70, 2.62, 2.20, 20, 0.16011044914828063, BAT
0.70, 1.06, 1.03, 20, 0.03291902759618741, BAT
1.51, 2.31, 2.08, 20, 0.09853236609491603, BAT
4.13, 5.74, 5.83, 20, 0.01685548191895079, BAT
1.93, 2.07, 2.09, 20, 0.007401260790550285, BAT
1.11, 1.72, 1.66, 20, 0.031227993242618234, BAT
2.76, 3.54, 3.63, 20, 0.026837797636610882, BAT
4.94, 8.23, 8.57, 20, 0.04178383479115608, BAT
0.56, 0.83, 0.74, 20, 0.10943887521014757, BAT
0.96, 1.26, 1.37, 20, 0.09052454064295974, BAT
1.79, 2.67, 2.39, 20, 0.10414681531482906, BAT
1.90, 2.43, 2.28, 20, 0.06100110490040892, BAT
2.42, 3.63, 3.27, 20, 0.09974610206447097, BAT
1.30, 1.81, 1.56, 20, 0.1364596203290753, BAT
0.89, 1.44, 1.46, 20, 0.007576661401916518, BAT
3.15, 3.57, 3.51, 20, 0.01742613557302318, BAT
2.92, 3.22, 3.21, 20, 0.001544358478174629, BAT
2.36, 3.41, 2.93, 20, 0.13984267889000238, BAT
2.34, 2.44, 2.49, 20, 0.022600703216897163, BAT
1.97, 3.23, 2.82, 20, 0.1251692354354696, BAT
4.04, 5.59, 5.43, 20, 0.028089362440324298, BAT
1.53, 1.96, 2.09, 20, 0.06547196750100494, BAT
4.67, 7.29, 7.00, 20, 0.039537617628399406, BAT
0.47, 0.63, 0.55, 20, 0.1275098641043334, BAT
5.77, 8.01, 7.73, 20, 0.03570044004068941, BAT
1.66, 2.47, 2.40, 20, 0.028413655487061665, BAT
0.59, 0.69, 0.66, 20, 0.0415398690356408, BAT
0.60, 0.80, 0.80, 20, 0.002146206364436542, BAT
1.15, 1.56, 1.43, 20, 0.08296523395488524, BAT
0.78, 1.02, 0.94, 20, 0.079964314597834, BAT
6.10, 8.98, 8.43, 20, 0.06042281276779532, BAT
0.96, 1.53, 1.43, 20, 0.06357366516828783, BAT
2.60, 3.32, 3.30, 20, 0.007205474141563431, BAT
2.46, 3.57, 3.58, 20, 0.0019025838569842416, BAT
1.96, 3.00, 2.54, 20, 0.15272844872314528, BAT
6.50, 9.90, 9.14, 20, 0.07677727418683265, BAT
0.74, 1.17, 1.04, 20, 0.11409355235097748, BAT
2.99, 4.62, 4.75, 20, 0.02923675759728681, BAT
4.24, 5.66, 5.89, 20, 0.04073105469603457, BAT
6.99, 9.18, 9.33, 20, 0.01649409411371046, BAT
0.92, 1.50, 1.39, 20, 0.06964847634603208, BAT
3.44, 4.59, 4.53, 20, 0.013659408076693488, BAT
5.86, 8.10, 8.38, 20, 0.033934526280663256, BAT
1.08, 1.60, 1.35, 20, 0.1582143845492892, BAT
2.54, 3.06, 2.63, 20, 0.13921846055418924, BAT
1.37, 1.86, 2.14, 20, 0.15124941030182587, BAT
2.00, 2.55, 2.59, 20, 0.016426144425638382, BAT
1.09, 1.71, 1.80, 20, 0.04963009240618324, BAT
2.06, 3.03, 3.58, 20, 0.18287196953454052, BAT
1.05, 1.41, 1.70, 20, 0.20499787567961875, BAT
0.93, 1.16, 1.14, 20, 0.018276234353561394, BAT
0.56, 0.72, 0.66, 20, 0.09163863109216489, BAT
3.70, 5.68, 4.98, 20, 0.12343795813498509, BAT
1.35, 2.02, 2.36, 20, 0.16337632660165183, BAT
2.18, 2.68, 2.13, 20, 0.20650756748286703, BAT
5.46, 7.70, 7.74, 20, 0.00638960271187448, BAT
3.01, 3.78, 4.05, 20, 0.0700448825845069, BAT
2.10, 3.50, 3.06, 20, 0.12541122361726248, BAT
2.59, 4.03, 3.85, 20, 0.04460120030316286, BAT
1.06, 1.45, 1.38, 20, 0.04716452790180071, BAT
5.61, 6.87, 6.44, 20, 0.06258945115090721, BAT
1.20, 1.85, 1.73, 20, 0.0636670495718571, BAT
0.82, 1.23, 1.31, 20, 0.06569854982572493, BAT
6.19, 7.45, 7.76, 20, 0.041908374435359684, BAT
2.08, 2.62, 2.72, 20, 0.037375002615086486, BAT
0.67, 0.87, 0.94, 20, 0.07561822201191828, BAT
4.31, 6.25, 5.98, 20, 0.043085521236941954, BAT
6.40, 9.73, 9.53, 20, 0.020673397629127562, BAT
1.29, 1.84, 1.87, 20, 0.017852447686795916, BAT
1.85, 2.54, 2.47, 20, 0.026098519272700488, BAT
0.62, 0.78, 0.89, 20, 0.1408200132181138, BAT
2.87, 4.27, 3.57, 20, 0.16395033360778288, BAT
0.83, 1.04, 1.14, 20, 0.09072446887629323, BAT
3.87, 4.98, 5.02, 20, 0.009313096546407615, BAT
3.38, 4.68, 5.37, 20, 0.14636293621313176, BAT
2.49, 3.09, 3.02, 20, 0.024166904784708024, BAT
7.00, 8.14, 8.32, 20, 0.022373729107907317, BAT
1.49, 2.52, 2.21, 20, 0.12164900878200473, BAT
0.50, 0.55, 0.56, 20, 0.023090101466402436, BAT
0.31, 0.52, 0.53, 20, 0.027986649720733087, BAT
4.71, 6.95, 7.28, 20, 0.04767599900976619, BAT
1.77, 2.56, 2.60, 20, 0.016894821000593956, BAT
0.38, 0.53, 0.52, 20, 0.002924288560450028, BAT
0.38, 0.53, 0.54, 20, 0.02484660905975012, BAT
6.30, 8.72, 9.62, 20, 0.10267509121297513, BAT
1.04, 1.62, 1.50, 20, 0.07441126764915684, BAT
1.96, 3.00, 3.28, 20, 0.09518708682469329, BAT
3.03, 4.46, 4.30, 20, 0.03631731888536978, BAT
2.02, 3.21, 3.15, 20, 0.019517804161420963, BAT
1.06, 1.34, 1.38, 20, 0.027137042662354355, BAT
2.82, 3.06, 2.98, 20, 0.025715181651483985, BAT
1.50, 2.40, 2.18, 20, 0.09048163960408107, BAT
0.67, 0.94, 0.65, 20, 0.30860707215530797, BAT
4.05, 5.48, 5.74, 20, 0.04688281092515722, BAT
1.03, 1.57, 1.40, 20, 0.11082960029857868, BAT
0.43, 0.67, 0.68, 20, 0.0033190852328607496, BAT
1.73, 2.42, 2.17, 20, 0.10220686868804642, BAT
0.42, 0.67, 0.71, 20, 0.07095525010175556, BAT
1.58, 2.45, 2.56, 20, 0.04258011695047526, BAT
0.68, 1.00, 0.99, 20, 0.010569606841665203, BAT
4.83, 7.53, 8.11, 20, 0.07690259692630419, BAT
4.35, 6.71, 6.44, 20, 0.040063489361183126, BAT
3.34, 4.18, 3.98, 20, 0.04645936106489122, BAT
1.33, 1.74, 1.73, 20, 0.010557029736475597, BAT
0.46, 0.68, 0.64, 20, 0.05753774613788896, BAT
6.06, 8.23, 8.85, 20, 0.07503142792413411, BAT
1.33, 2.02, 2.31, 20, 0.14310803534639308, BAT
1.38, 1.85, 1.70, 20, 0.08166351582300546, BAT
1.14, 1.41, 1.58, 20, 0.12200737327084477, BAT
3.69, 4.56, 4.74, 20, 0.041008966929338274, BAT
0.46, 0.75, 0.84, 20, 0.1106073102581354, BAT
0.93, 1.20, 1.02, 20, 0.1545564188785758, BAT
2.87, 3.40, 3.50, 20, 0.029405689411610522, BAT
1.66, 2.22, 2.29, 20, 0.030693186029320058, BAT
0.79, 1.26, 1.33, 20, 0.054241804956880885, BAT
5.21, 8.25, 8.11, 20, 0.01732049071293323, BAT
0.58, 0.91, 0.98, 20, 0.08662903840315776, BAT
0.42, 0.61, 0.59, 20, 0.035243906944444424, BAT
2.94, 3.96, 4.52, 20, 0.14119999317745607, BAT
1.10, 1.30, 1.42, 20, 0.08916300288723691, BAT
1.96, 3.20, 2.91, 20, 0.08953666511066485, BAT
0.95, 1.33, 1.57, 20, 0.1800218788248893, BAT
2.75, 4.24, 4.39, 20, 0.03488060295427509, BAT
5.97, 8.88, 9.16, 20, 0.03162715126330389, BAT
2.63, 3.17, 3.26, 20, 0.029273218473202495, BAT
3.70, 5.72, 5.87, 20, 0.02639336136036289, BAT
4.79, 5.88, 5.83, 20, 0.007129131828582795, BAT
6.19, 8.86, 8.61, 20, 0.028154889119829597, BAT
1.13, 1.66, 1.92, 20, 0.15325834193409113, BAT
2.44, 3.91, 3.28, 20, 0.15986401560161706, BAT
2.57, 4.07, 4.35, 20, 0.06766556932746023, BAT
1.03, 1.66, 1.77, 20, 0.06571169185770837, BAT
0.42, 0.59, 0.57, 20, 0.04158615399904349, BAT
0.66, 1.00, 1.21, 20, 0.2087225286114037, BAT
0.43, 0.63, 0.63, 20, 0.00041929761788087955, BAT
0.47, 0.65, 0.65, 20, 0.00048105259521962575, BAT
3.36, 4.66, 3.78, 20, 0.18757447451907672, BAT
2.65, 4.29, 3.85, 20, 0.10329313337485439, BAT
1.23, 1.72, 1.70, 20, 0.010755885517655304, BAT
0.68, 0.93, 0.85, 20, 0.08778935819874104, BAT
0.49, 0.63, 0.69, 20, 0.09939920984001288, BAT
1.43, 1.92, 1.58, 20, 0.17502614640845357, BAT
1.05, 1.55, 1.46, 20, 0.05467690735682246, BAT
1.03, 1.49, 1.51, 20, 0.01257303945872602, BAT
2.31, 2.91, 2.63, 20, 0.09597252137185774, BAT
3.37, 4.96, 5.13, 20, 0.034546898002289966, BAT
0.85, 1.45, 1.51, 20, 0.041902721489024665, BAT
3.42, 4.39, 4.21, 20, 0.041796090298497894, BAT
2.58, 3.45, 3.33, 20, 0.03436324979788499, BAT
3.18, 4.50, 5.16, 20, 0.14760654149379981, BAT
0.79, 1.06, 0.88, 20, 0.16945565784714905, BAT
0.98, 1.36, 1.44, 20, 0.05455110485593954, BAT
0.70, 1.12, 1.23, 20, 0.09990576454732017, BAT
0.88, 1.16, 1.10, 20, 0.050379553654244694, BAT
2.50, 3.51, 3.72, 20, 0.05830660645382453, BAT
1.80, 2.08, 2.25, 20, 0.08340174889270689, BAT
2.18, 2.46, 2.35, 20, 0.04384513974517092, BAT
2.74, 4.00, 3.47, 20, 0.1340600387985217, BAT
1.70, 2.65, 2.42, 20, 0.08983034558659465, BAT
2.89, 4.68, 5.05, 20, 0.0780094449834333, BAT
6.25, 9.39, 8.57, 20, 0.08720850689780427, BAT
0.86, 1.42, 1.55, 20, 0.09187555405709762, BAT
6.40, 8.90, 8.57, 20, 0.037553602430101106, BAT
0.96, 1.13, 1.05, 20, 0.07429956870621524, BAT
1.13, 1.61, 1.57, 20, 0.02651243944939416, BAT
1.11, 1.26, 1.22, 20, 0.03378395038320559, BAT
0.95, 1.48, 1.73, 20, 0.170683526772711, BAT
6.53, 9.67, 9.02, 20, 0.06723617962444765, BAT
2.09, 2.85, 2.68, 20, 0.05974579650036486, BAT
1.52, 2.09, 1.95, 20, 0.06870488410512952, BAT
0.54, 0.92, 0.99, 20, 0.07713186709740356, BAT
3.47, 4.37, 3.80, 20, 0.13024675488988638, BAT
3.97, 5.93, 5.36, 20, 0.0959330707886914, BAT
0.99, 1.41, 1.57, 20, 0.11494545171872443, BAT
0.93, 1.19, 1.28, 20, 0.0763227251580549, BAT
2.03, 2.54, 2.51, 20, 0.012518342878485696, BAT
1.68, 2.10, 2.17, 20, 0.03424957901042993, BAT
7.70, 9.11, 8.99, 20, 0.01300226657330574, BAT
1.19, 1.38, 1.44, 20, 0.038398038295894034, BAT
0.93, 1.24, 1.40, 20, 0.12881766291494562, BAT
1.33, 1.79, 1.57, 20, 0.12117603059031862, BAT
3.81, 5.55, 5.21, 20, 0.06072524221388788, BAT
0.77, 1.02, 1.01, 20, 0.008153873820632738, BAT
0.43, 0.63, 0.65, 20, 0.024041253018503076, BAT
6.13, 9.00, 8.53, 20, 0.05185112727975287, BAT
2.27, 3.27, 3.40, 20, 0.03862924390005102, BAT
0.57, 0.83, 0.70, 20, 0.15634128188720542, BAT
1.63, 2.26, 2.36, 20, 0.04222906319134678, BAT
0.39, 0.51, 0.55, 20, 0.08963799271323557, BAT
4.25, 6.05, 6.68, 20, 0.10527956722061962, BAT
1.82, 2.34, 2.11, 20, 0.09927981748212567, BAT
1.08, 1.59, 1.50, 20, 0.06158529042750911, BAT
1.63, 2.35, 2.05, 20, 0.12812113630791253, BAT
1.74, 2.67, 2.79, 20, 0.04516207881330915, BAT
3.48, 4.61, 4.47, 20, 0.03111325844019301, BAT
0.57, 0.75, 0.78, 20, 0.04027965239130213, BAT
6.89, 7.88, 7.93, 20, 0.005942222197701614, BAT
6.20, 9.77, 8.79, 20, 0.1003570402807621, BAT
1.16, 1.85, 1.76, 20, 0.04604070313768967, BAT
2.36, 3.89, 5.01, 20, 0.2886049437864021, BAT
1.81, 2.09, 2.10, 20, 0.0026708781560819857, BAT
1.95, 2.13, 2.11, 20, 0.009111692766568993, BAT
3.57, 4.01, 4.11, 20, 0.024880325288369035, BAT
2.83, 3.26, 3.21, 20, 0.01588663561393716, BAT
3.63, 5.33, 2.31, 20, 0.567507386072124, BAT
1.46, 1.83, 1.80, 20, 0.018160489485011307, BAT
4.26, 5.54, 4.86, 20, 0.12146769712834879, BAT
3.47, 3.65, 3.91, 20, 0.07223018169678938, BAT
1.72, 1.82, 1.83, 20, 0.008067422907659324, BAT
0.78, 0.85, 0.84, 20, 0.016246410161666686, BAT
3.14, 5.14, 5.38, 20, 0.04724571874825923, BAT
0.96, 1.29, 1.28, 20, 0.011509995541377006, BAT
2.15, 2.34, 2.53, 20, 0.08173022679453225, BAT
4.46, 4.85, 4.94, 20, 0.018482276974527225, BAT
4.57, 5.93, 5.36, 20, 0.09610854377900674, BAT
3.40, 4.84, 4.52, 20, 0.0654712907280923, BAT
1.85, 2.29, 2.20, 20, 0.03938942667988131, BAT
0.90, 1.02, 0.99, 20, 0.02496469187752174, BAT
1.39, 1.99, 1.87, 20, 0.059944302664293056, BAT
2.67, 3.92, 4.13, 20, 0.052529179415336365, BAT
1.73, 2.47, 2.84, 20, 0.15033652231014824, BAT
2.79, 3.82, 3.55, 20, 0.0715466412083001, BAT
2.05, 3.24, 3.16, 20, 0.026857438006176057, BAT
1.72, 2.15, 2.07, 20, 0.036749072185236875, BAT
0.59, 0.96, 0.86, 20, 0.10511321193523415, BAT
1.16, 1.70, 1.75, 20, 0.03222234471726833, BAT
1.40, 1.78, 1.60, 20, 0.10003371112829718, BAT
0.93, 1.39, 1.18, 20, 0.1495925249089324, BAT
1.03, 1.09, 1.06, 20, 0.02115006036014595, BAT
0.30, 0.50, 0.52, 20, 0.043973686549879334, BAT
0.55, 0.65, 0.65, 20, 0.0034106778790498242, BAT
2.72, 3.72, 3.84, 20, 0.031034011367683384, BAT
0.49, 0.75, 0.74, 20, 0.022093173161136046, BAT
2.19, 3.47, 3.81, 20, 0.0997298654937667, BAT
3.00, 3.37, 3.26, 20, 0.0336774356971518, BAT
0.78, 1.15, 1.06, 20, 0.07462548805333173, BAT
1.74, 2.78, 3.03, 20, 0.08706744628932686, BAT
1.52, 1.68, 1.79, 20, 0.07002539689396127, BAT
1.93, 2.67, 2.90, 20, 0.08516722281140916, BAT
1.07, 1.73, 1.81, 20, 0.04343180081161984, BAT
1.42, 1.64, 1.93, 20, 0.17629067999739453, BAT
1.91, 2.27, 2.30, 20, 0.012266668336049204, BAT
2.21, 2.89, 2.61, 20, 0.09664944231371174, BAT
1.77, 2.49, 2.15, 20, 0.1340039333651896, BAT
1.66, 2.33, 2.47, 20, 0.05887679483481994, BAT
6.21, 8.69, 8.83, 20, 0.016764381826286423, BAT
0.42, 0.53, 0.53, 20, 0.00978914121093033, BAT
4.64, 5.57, 6.31, 20, 0.13246716984345824, BAT
0.73, 0.83, 0.86, 20, 0.043277874907967605, BAT
4.87, 6.92, 6.56, 20, 0.051279672892501516, BAT
0.48, 0.68, 0.67, 20, 0.0135845341004166, BAT
0.70, 0.95, 0.96, 20, 0.0027732634748841548, BAT
3.28, 5.20, 7.26, 20, 0.39674302451733867, BAT
0.68, 1.08, 1.05, 20, 0.021444323065288297, BAT
1.44, 2.02, 2.17, 20, 0.07397085791663986, BAT
0.52, 0.56, 0.59, 20, 0.04942819972596476, BAT
1.10, 1.69, 1.83, 20, 0.08641335727442231, BAT
0.92, 1.18, 1.12, 20, 0.04687741977034281, BAT
0.63, 0.76, 0.75, 20, 0.011307180616577626, BAT
1.88, 3.00, 3.16, 20, 0.05303460771973528, BAT
6.59, 8.57, 8.38, 20, 0.0223948098109063, BAT
2.48, 3.34, 3.62, 20, 0.08594195007630366, BAT
2.69, 3.21, 3.13, 20, 0.023123403942481, BAT
6.97, 8.89, 9.51, 20, 0.06871094536108875, BAT
2.45, 3.38, 3.69, 20, 0.0925993936071857, BAT
0.94, 1.63, 1.90, 20, 0.16878357459977716, BAT
1.40, 1.91, 1.91, 20, 0.001207239517105535, BAT
4.66, 6.64, 5.94, 20, 0.10458799256790563, BAT
2.89, 4.30, 3.81, 20, 0.11435595217043702, BAT
0.84, 1.14, 1.11, 20, 0.028080295961644148, BAT
5.88, 8.16, 7.53, 20, 0.07633441499168317, BAT
2.17, 3.63, 3.72, 20, 0.02225946508523765, BAT
2.01, 2.90, 2.35, 20, 0.19090568634692434, BAT
3.01, 4.17, 4.03, 20, 0.035242003390954124, BAT
0.95, 1.36, 1.63, 20, 0.20180253930815123, BAT
1.00, 1.50, 1.67, 20, 0.10930094733973056, BAT
1.36, 2.03, 1.90, 20, 0.06135666614857033, BAT
1.38, 2.22, 2.31, 20, 0.042557426211638, BAT
2.06, 2.88, 3.08, 20, 0.06847221500488486, BAT
6.35, 7.57, 8.43, 20, 0.11358927333257311, BAT
2.92, 3.66, 3.56, 20, 0.02742208292914498, BAT
3.01, 3.03, 3.02, 20, 0.0022937981696768317, BAT
1.23, 1.85, 1.78, 20, 0.03671900614786464, BAT
0.48, 0.54, 0.60, 20, 0.127112775789752, BAT
0.71, 0.82, 0.86, 20, 0.05009814249910449, BAT
0.76, 0.94, 0.94, 20, 0.0005466027546779746, BAT
1.13, 1.39, 1.44, 20, 0.03250831416478384, BAT
4.37, 5.94, 5.61, 20, 0.05599723097313483, BAT
1.73, 2.69, 2.30, 20, 0.14681815978326168, BAT
0.37, 0.57, 0.55, 20, 0.036319634530882626, BAT
0.72, 1.03, 1.03, 20, 0.0005813329567734538, BAT
1.09, 1.30, 1.39, 20, 0.06866640653976562, BAT
5.18, 7.79, 7.96, 20, 0.02238265428650623, BAT
2.53, 3.77, 3.75, 20, 0.005511117403863488, BAT
5.87, 8.59, 9.02, 20, 0.04952267834205485, BAT
2.99, 4.65, 4.67, 20, 0.0043541964730068276, BAT
0.79, 1.21, 1.19, 20, 0.01625313543157114, BAT
1.07, 1.30, 1.31, 20, 0.007578217139776914, BAT
1.36, 1.63, 1.62, 20, 0.004835966745841847, BAT
1.30, 2.02, 1.85, 20, 0.08454622931787413, BAT
5.29, 8.68, 8.02, 20, 0.07691972795956083, BAT
5.37, 7.47, 6.47, 20, 0.13372069509132353, BAT
5.16, 7.64, 7.52, 20, 0.01644016392704047, BAT
5.20, 5.28, 4.98, 20, 0.057928744726007855, BAT
1.74, 2.31, 2.29, 20, 0.007342718933903506, BAT
6.22, 9.05, 9.12, 20, 0.0076636069876507866, BAT
1.93, 2.47, 2.53, 20, 0.023176837052415623, BAT
4.26, 5.65, 5.52, 20, 0.022659216362383, BAT
1.05, 1.60, 1.42, 20, 0.11372863034814613, BAT
0.67, 0.93, 1.30, 20, 0.39372286399775763, BAT
0.95, 1.12, 1.14, 20, 0.022390563934412962, BAT
0.80, 1.28, 1.25, 20, 0.024288834433623733, BAT
1.37, 2.14, 2.05, 20, 0.045697012098276896, BAT
1.94, 2.90, 2.46, 20, 0.1512784970473381, BAT
6.17, 9.02, 8.26, 20, 0.0838188728368225, BAT
0.60, 0.79, 0.74, 20, 0.06461284603181586, BAT
1.68, 2.38, 2.21, 20, 0.07017018442810292, BAT
5.33, 7.89, 8.04, 20, 0.018911069749300614, BAT
0.61, 0.85, 0.83, 20, 0.017513553741488087, BAT
3.23, 4.54, 4.18, 20, 0.08009038239543419, BAT
0.91, 0.94, 0.96, 20, 0.024517564173814434, BAT
0.53, 0.72, 0.71, 20, 0.00450173728251198, BAT
4.83, 7.98, 7.13, 20, 0.1072222012357186, BAT
0.43, 0.56, 0.54, 20, 0.04926284333857816, BAT
1.96, 2.35, 2.08, 20, 0.11384233955404639, BAT
0.54, 0.77, 0.82, 20, 0.07637219879208755, BAT
4.06, 4.98, 5.33, 20, 0.07168551693096188, BAT
4.06, 5.29, 5.35, 20, 0.010484348965542881, BAT
5.89, 8.98, 9.23, 20, 0.02727475294812869, BAT
4.13, 5.71, 5.69, 20, 0.0037514118363014036, BAT
1.51, 2.26, 2.14, 20, 0.05385684828891122, BAT
1.43, 2.25, 2.64, 20, 0.17041756611799133, BAT
6.78, 8.38, 8.17, 20, 0.026103803860298026, BAT
2.00, 3.21, 2.79, 20, 0.13265682022251535, BAT
1.65, 2.49, 2.54, 20, 0.020698289977123207, BAT
3.46, 4.54, 3.96, 20, 0.12725983585571454, BAT
4.47, 5.42, 5.85, 20, 0.07924202253171034, BAT
5.39, 6.87, 7.14, 20, 0.039366461602534875, BAT
0.47, 0.68, 0.71, 20, 0.04356025968426717, BAT
0.66, 1.06, 1.08, 20, 0.021730002706223637, BAT
0.67, 0.70, 0.73, 20, 0.03889071692202606, BAT
0.87, 1.22, 1.25, 20, 0.028658542542563885, BAT
7.05, 8.20, 7.85, 20, 0.04226778423586057, BAT
2.36, 3.58, 3.61, 20, 0.007659151240818253, BAT
2.68, 3.10, 3.18, 20, 0.028531339187855657, BAT
0.71, 0.96, 1.00, 20, 0.032890861498418564, BAT
1.91, 2.86, 2.58, 20, 0.09555656954735506, BAT
0.37, 0.55, 0.53, 20, 0.03481372662819849, BAT
1.01, 1.39, 1.44, 20, 0.03961646595415322, BAT
0.42, 0.62, 0.55, 20, 0.11890876029574246, BAT
3.49, 4.77, 5.31, 20, 0.11204277205451385, BAT
3.92, 4.35, 4.58, 20, 0.052433809109646415, BAT
0.39, 0.63, 0.54, 20, 0.13287725319638563, BAT
2.20, 2.91, 3.00, 20, 0.03164041737959779, BAT
0.81, 0.91, 0.90, 20, 0.003947637374149102, BAT
5.57, 8.19, 8.73, 20, 0.06606443678698229, BAT
4.19, 5.96, 5.48, 20, 0.08002839816083661, BAT
0.67, 0.94, 0.85, 20, 0.09426680741020399, BAT
4.71, 5.09, 5.07, 20, 0.0037573084325187352, BAT
6.90, 9.83, 9.44, 20, 0.039476782188183755, BAT
2.12, 2.18, 2.34, 20, 0.07237606786016605, BAT
4.38, 6.45, 6.79, 20, 0.05353084351402378, BAT
5.48, 8.09, 8.39, 20, 0.037565975203949775, BAT
0.53, 0.72, 0.75, 20, 0.037331394135848066, BAT
0.93, 1.35, 1.52, 20, 0.12856007899584515, BAT
3.28, 3.89, 1.40, 20, 0.6407238537814864, BAT
2.43, 3.67, 3.61, 20, 0.01661598738334409, BAT
2.61, 3.96, 3.52, 20, 0.11303785631516877, BAT
4.18, 5.99, 6.30, 20, 0.05136586714608692, BAT
1.22, 1.25, 1.26, 20, 0.00241184757491821, BAT
1.64, 2.53, 2.11, 20, 0.16624199813170615, BAT
3.44, 5.52, 5.35, 20, 0.030807541960638164, BAT
2.15, 3.12, 3.03, 20, 0.02997677056372919, BAT
0.64, 0.71, 0.70, 20, 0.00882745312629531, BAT
0.64, 0.91, 0.89, 20, 0.020396107061417177, BAT
0.80, 1.23, 1.32, 20, 0.07667966459300853, BAT
4.44, 6.00, 5.94, 20, 0.009546553055956596, BAT
1.25, 1.41, 1.37, 20, 0.03138237823667408, BAT
1.53, 2.24, 2.65, 20, 0.18676019434748944, BAT
1.28, 1.83, 1.82, 20, 0.010323975300183997, BAT
0.89, 1.20, 1.12, 20, 0.0655737090761641, BAT
3.54, 4.12, 4.38, 20, 0.06286979315012421, BAT
5.05, 5.70, 5.79, 20, 0.01590444304715766, BAT
0.84, 1.37, 1.25, 20, 0.0859974636388928, BAT
0.96, 1.54, 1.52, 20, 0.012395750394248445, BAT
0.53, 0.67, 0.71, 20, 0.06759807766426691, BAT
0.55, 0.80, 0.93, 20, 0.16297129287322293, BAT
3.23, 5.11, 5.55, 20, 0.08596801803354645, BAT
0.69, 0.95, 0.84, 20, 0.10935500315449696, BAT
0.36, 0.55, 0.90, 20, 0.6418625427324663, BAT
1.41, 1.78, 1.85, 20, 0.04243771343764049, BAT
1.85, 1.89, 1.83, 20, 0.03188896183835958, BAT
2.63, 3.32, 3.08, 20, 0.07241091769511734, BAT
3.78, 5.15, 4.99, 20, 0.03136260821441763, BAT
0.65, 0.95, 1.07, 20, 0.12259544675482466, BAT
0.95, 1.33, 1.26, 20, 0.05231532986861992, BAT
2.08, 2.36, 2.38, 20, 0.00935873226495411, BAT
2.01, 2.96, 3.34, 20, 0.1280139995699685, BAT
1.28, 1.67, 1.61, 20, 0.03716805101502108, BAT
5.15, 6.74, 6.78, 20, 0.005520573569682325, BAT
2.89, 4.41, 3.66, 20, 0.16994633116785504, BAT
0.57, 0.82, 0.89, 20, 0.08484042552285016, BAT
3.04, 3.77, 3.66, 20, 0.027920650222546185, BAT
1.81, 2.21, 2.32, 20, 0.049817184295626434, BAT
5.51, 5.88, 6.10, 20, 0.03598370225799149, BAT
1.50, 2.19, 2.28, 20, 0.03719506513433102, BAT
1.02, 1.44, 1.21, 20, 0.16142519154239088, BAT
1.70, 3.05, 2.99, 20, 0.01868620269268828, BAT
4.45, 6.26, 5.66, 20, 0.0949192902407455, BAT
2.31, 2.60, 2.44, 20, 0.06073834022569978, BAT
4.37, 4.70, 4.83, 20, 0.026755126222482023, BAT
2.76, 4.27, 3.94, 20, 0.07670150713767071, BAT
1.48, 1.60, 1.68, 20, 0.05193333668197324, BAT
2.32, 3.00, 2.55, 20, 0.15017116179996678, BAT
7.43, 9.90, 9.59, 20, 0.031186707334084917, BAT
0.70, 0.86, 0.82, 20, 0.03845335361022615, BAT
1.46, 1.65, 1.76, 20, 0.06619137606482117, BAT
5.84, 6.08, 6.24, 20, 0.02633943001050613, BAT
1.32, 2.00, 1.92, 20, 0.03680192932446283, BAT
6.46, 7.90, 8.34, 20, 0.05505602436847744, BAT
7.49, 8.70, 8.97, 20, 0.031073568873770746, BAT
1.74, 2.31, 2.24, 20, 0.03265516754140511, BAT
2.15, 2.91, 2.67, 20, 0.08430612942087486, BAT
2.34, 3.77, 2.91, 20, 0.22877971984662657, BAT
0.78, 1.20, 1.13, 20, 0.056298691708491846, BAT
0.79, 1.23, 1.10, 20, 0.10742147106950534, BAT
1.03, 1.68, 1.83, 20, 0.0888660134573441, BAT
0.85, 1.28, 1.12, 20, 0.12412802928614307, BAT
4.65, 6.44, 5.81, 20, 0.09767477193026715, BAT
0.46, 0.66, 0.86, 20, 0.32038431843929466, BAT
3.32, 4.58, 4.14, 20, 0.09546558797132351, BAT
0.81, 1.15, 0.99, 20, 0.14009349519107045, BAT
3.43, 4.78, 4.36, 20, 0.08845118242631916, BAT
1.22, 1.52, 1.64, 20, 0.0801208094171263, BAT
4.57, 6.93, 7.13, 20, 0.028330888640232275, BAT
2.20, 2.52, 2.40, 20, 0.049382218074845205, BAT
2.19, 3.31, 3.52, 20, 0.06360576131232876, BAT
3.19, 5.20, 5.28, 20, 0.015393338888407927, BAT
2.26, 2.53, 2.56, 20, 0.013134399399878517, BAT
3.90, 5.79, 5.51, 20, 0.04873703368991914, BAT
1.92, 2.40, 2.21, 20, 0.0781563664652726, BAT
1.77, 1.84, 1.88, 20, 0.023184909817538513, BAT
3.70, 4.53, 4.37, 20, 0.03666189575804951, BAT
5.26, 6.43, 6.53, 20, 0.015799155570538976, BAT
0.66, 0.78, 0.74, 20, 0.05312519470087554, BAT
0.89, 1.23, 1.37, 20, 0.1102849033446372, BAT
1.01, 1.61, 1.52, 20, 0.051640463044314425, BAT
4.89, 7.70, 6.25, 20, 0.1880045955149766, BAT
0.69, 0.73, 0.70, 20, 0.044038000055539525, BAT
1.51, 1.76, 1.63, 20, 0.07647078612270687, BAT
1.45, 1.57, 1.67, 20, 0.0649403698648249, BAT
2.32, 3.19, 3.30, 20, 0.03322607238698466, BAT
7.25, 9.96, 9.82, 20, 0.014514812520550117, BAT
3.16, 4.05, 3.79, 20, 0.06228383439380356, BAT
0.99, 1.29, 1.27, 20, 0.016087642274082308, BAT
0.71, 0.86, 0.89, 20, 0.03949239596714574, BAT
3.00, 4.34, 4.26, 20, 0.020269365742985383, BAT
0.96, 1.29, 1.32, 20, 0.02617627552195808, BAT
1.83, 2.70, 2.45, 20, 0.09334252707623841, BAT
5.21, 6.78, 6.38, 20, 0.05911216264300928, BAT
2.36, 2.84, 3.11, 20, 0.09446179916045554, BAT
0.56, 0.74, 0.67, 20, 0.1033896595838659, BAT
1.13, 1.56, 1.47, 20, 0.060175509115459526, BAT
0.43, 0.51, 0.54, 20, 0.07255997006038299, BAT
0.45, 0.63, 0.59, 20, 0.07025895587455783, BAT
1.42, 1.92, 1.78, 20, 0.07268245273746779, BAT
1.60, 2.46, 2.70, 20, 0.09715167227078039, BAT
2.02, 3.24, 3.53, 20, 0.08881677472165216, BAT
5.65, 8.10, 6.38, 20, 0.21205345903455766, BAT
1.16, 1.64, 1.53, 20, 0.0664174970993855, BAT
0.86, 1.38, 1.19, 20, 0.13482786251005946, BAT
6.04, 7.96, 7.67, 20, 0.036408331385479754, BAT
0.59, 0.99, 0.96, 20, 0.025377468714948646, BAT
2.06, 2.58, 2.74, 20, 0.062271606344545566, BAT
5.16, 8.62, 8.00, 20, 0.07204717962073633, BAT
3.61, 4.87, 4.57, 20, 0.062335273401853325, BAT
0.61, 0.63, 0.63, 20, 0.005219128124104852, BAT
4.76, 5.33, 5.64, 20, 0.05700721162494463, BAT
1.27, 1.77, 1.90, 20, 0.07192577179045638, BAT
7.38, 9.41, 9.35, 20, 0.0056886294117856, BAT
1.72, 2.55, 1.98, 20, 0.22348885609421157, BAT
0.55, 0.78, 0.90, 20, 0.1495223490919239, BAT
3.65, 4.96, 4.98, 20, 0.0035109834404476532, BAT
1.51, 1.95, 1.75, 20, 0.10137003162192118, BAT
1.12, 1.59, 1.46, 20, 0.08018413208880082, BAT
3.70, 5.77, 5.73, 20, 0.007843015568247, BAT
0.73, 0.98, 0.94, 20, 0.049665408448510674, BAT
0.48, 0.56, 0.54, 20, 0.03609900638253771, BAT
1.13, 1.72, 1.77, 20, 0.027204367894474002, BAT
2.72, 4.12, 3.56, 20, 0.13735019458811992, BAT
3.51, 4.26, 4.73, 20, 0.11088266174449926, BAT
1.64, 2.07, 2.04, 20, 0.01386894829502609, BAT
1.56, 1.85, 1.60, 20, 0.13417202401595876, BAT
4.88, 6.76, 8.61, 20, 0.27276010036064974, BAT
1.35, 1.80, 1.75, 20, 0.023558034403674617, BAT
3.04, 3.89, 3.66, 20, 0.05710469378018079, BAT
5.08, 7.92, 7.87, 20, 0.006835411877242415, BAT
2.05, 2.42, 2.39, 20, 0.011167744107192424, BAT
1.87, 2.80, 2.54, 20, 0.09448232603146241, BAT
0.64, 0.93, 0.88, 20, 0.05294412836242153, BAT
6.89, 7.89, 7.82, 20, 0.009526912260706401, BAT
0.66, 1.02, 0.84, 20, 0.1758972516401338, BAT
3.13, 3.36, 3.48, 20, 0.033346841659134124, BAT
0.41, 0.65, 0.60, 20, 0.08063177182118306, BAT
2.48, 3.31, 4.01, 20, 0.21103640219150924, BAT
1.04, 1.30, 1.12, 20, 0.14030733946495832, BAT
3.01, 3.91, 4.00, 20, 0.023340780680185677, BAT
3.09, 3.90, 4.02, 20, 0.029038039784102077, BAT
6.69, 7.08, 7.48, 20, 0.05657611998729337, BAT
1.06, 1.18, 1.19, 20, 0.006887325635706057, BAT
0.79, 1.00, 1.03, 20, 0.028170498561053435, BAT
0.72, 1.10, 1.14, 20, 0.03460460764595041, BAT
5.89, 7.97, 7.71, 20, 0.03273241607733534, BAT
3.35, 3.96, 3.70, 20, 0.0662102811110887, BAT
2.20, 2.54, 2.80, 20, 0.10179823971267518, BAT
1.31, 1.50, 1.48, 20, 0.016510940311236292, BAT
6.13, 7.57, 7.05, 20, 0.06956609434856299, BAT
1.14, 1.47, 1.26, 20, 0.14165585974052974, BAT
2.03, 3.24, 3.18, 20, 0.017676257269861512, BAT
4.61, 5.27, 5.58, 20, 0.06001370050506602, BAT
2.57, 3.51, 3.68, 20, 0.050176214004313886, BAT
1.33, 1.91, 1.95, 20, 0.02333263159386884, BAT
1.28, 1.63, 1.89, 20, 0.1576139682180527, BAT
7.48, 9.06, 9.08, 20, 0.0015669910234234496, BAT
1.36, 1.86, 2.02, 20, 0.082548677378043, BAT
0.51, 0.72, 0.81, 20, 0.11112852477417143, BAT
1.11, 1.54, 1.41, 20, 0.08511795248571698, BAT
0.55, 0.73, 0.79, 20, 0.06835370058389136, BAT
1.45, 1.60, 1.49, 20, 0.0687711329368245, BAT
1.19, 1.88, 1.85, 20, 0.013611782530763408, BAT
1.04, 1.63, 1.47, 20, 0.09973870698698972, BAT
0.72, 1.09, 0.99, 20, 0.09142392737900787, BAT
6.34, 9.88, 8.28, 20, 0.1617261404131843, BAT
0.67, 0.95, 0.92, 20, 0.0319748345925762, BAT
1.05, 1.55, 1.62, 20, 0.046926817330811936, BAT
1.32, 1.88, 1.94, 20, 0.0339948275227133, BAT
0.98, 1.43, 1.50, 20, 0.050944941606497776, BAT
6.54, 9.36, 9.29, 20, 0.007990613852009982, BAT
3.15, 3.82, 4.35, 20, 0.1363000475800716, BAT
1.42, 1.88, 1.86, 20, 0.011463928091644126, BAT
1.20, 1.78, 1.82, 20, 0.021302371035170648, BAT
2.13, 3.21, 2.94, 20, 0.08191757379322942, BAT
0.65, 1.08, 1.03, 20, 0.03936704435692052, BAT
0.94, 1.54, 1.36, 20, 0.11396775904865691, BAT
0.54, 0.71, 0.79, 20, 0.11511661023757262, BAT
2.53, 3.74, 3.98, 20, 0.06332113591535621, BAT
0.48, 0.69, 0.72, 20, 0.04140456684041584, BAT
2.64, 3.94, 3.55, 20, 0.09831807806608164, BAT
4.08, 5.96, 6.21, 20, 0.042584906665091384, BAT
5.82, 7.85, 7.55, 20, 0.037905693450409776, BAT
2.33, 3.02, 2.81, 20, 0.06885644325856714, BAT
1.01, 1.44, 1.30, 20, 0.09663343409228815, BAT
6.61, 8.29, 8.91, 20, 0.07521793398157356, BAT
1.72, 2.50, 2.40, 20, 0.040175017290892116, BAT
7.10, 7.71, 7.94, 20, 0.02997580273108517, BAT
0.53, 0.89, 0.85, 20, 0.03856369481220357, BAT
6.48, 9.91, 9.02, 20, 0.0903329926090338, BAT
3.10, 4.37, 4.36, 20, 0.0037081196030458205, BAT
1.40, 1.54, 1.63, 20, 0.05621737894233437, BAT
0.78, 1.01, 1.03, 20, 0.012288947502931441, BAT
0.51, 0.59, 0.64, 20, 0.08419344421931266, BAT
1.94, 2.73, 2.88, 20, 0.05388241157255708, BAT
0.82, 0.95, 0.94, 20, 0.004777551759042035, BAT
1.41, 1.87, 1.87, 20, 0.0030469781501379642, BAT
1.46, 2.22, 2.13, 20, 0.040699715146269654, BAT
5.73, 8.54, 8.71, 20, 0.019734291520713248, BAT
3.48, 3.84, 3.90, 20, 0.014271896472202547, BAT
1.79, 2.40, 2.31, 20, 0.040798208920656394, BAT
2.07, 2.59, 2.57, 20, 0.008812179190504376, BAT
3.15, 3.57, 3.56, 20, 0.0023089665993431168, BAT
1.95, 2.76, 2.70, 20, 0.022602687308821312, BAT
1.23, 1.75, 1.44, 20, 0.17818061383454992, BAT
1.39, 1.98, 2.04, 20, 0.02840240342395657, BAT
1.08, 1.63, 1.55, 20, 0.0497448411061489, BAT
0.51, 0.74, 0.76, 20, 0.029392256349271992, BAT
1.57, 2.22, 2.25, 20, 0.012716879483724203, BAT
0.59, 0.91, 0.86, 20, 0.05108673862033791, BAT
0.41, 0.65, 0.65, 20, 0.00031330821456692655, BAT
1.04, 1.34, 1.35, 20, 0.0016392428146175847, BAT
1.97, 2.40, 2.47, 20, 0.02657712392579665, BAT
0.51, 0.68, 0.59, 20, 0.12807067267833339, BAT
5.89, 8.96, 9.10, 20, 0.015603767100677903, BAT
0.73, 0.97, 1.03, 20, 0.05750821975609225, BAT
1.95, 2.94, 2.90, 20, 0.013912695806646256, BAT
2.88, 4.45, 4.24, 20, 0.04842291413963242, BAT
0.59, 0.83, 0.80, 20, 0.03689132619145793, BAT
5.22, 6.42, 7.28, 20, 0.1341211844153111, BAT
0.52, 0.71, 0.68, 20, 0.036206413003235474, BAT
4.89, 6.22, 6.95, 20, 0.11697712006959196, BAT
2.48, 3.46, 3.52, 20, 0.017584432608149902, BAT
1.60, 2.36, 2.48, 20, 0.05229745120644598, BAT
0.57, 0.88, 0.86, 20, 0.023290679947255248, BAT
6.45, 7.93, 7.62, 20, 0.03955923191813424, BAT
2.91, 3.62, 3.55, 20, 0.01903791497943329, BAT
2.02, 2.90, 2.84, 20, 0.022950167016367276, BAT
0.75, 0.85, 0.92, 20, 0.0890906314381014, BAT
3.01, 3.93, 4.15, 20, 0.055156907391585595, BAT
1.57, 2.45, 2.31, 20, 0.059423124066802564, BAT
3.47, 4.89, 5.40, 20, 0.10298169115242149, BAT
1.95, 2.82, 2.84, 20, 0.006124445192705427, BAT
2.08, 2.36, 2.44, 20, 0.03482255259182225, BAT
6.69, 8.18, 7.78, 20, 0.049410174712479, BAT
1.37, 1.79, 1.84, 20, 0.024295154644364828, BAT
6.15, 8.81, 7.06, 20, 0.1985800901882188, BAT
0.95, 1.09, 1.13, 20, 0.04061181362276569, BAT
6.18, 9.68, 9.38, 20, 0.03179180146415865, BAT
5.80, 8.63, 8.18, 20, 0.05121635130741545, BAT
1.98, 2.86, 2.67, 20, 0.06462306009889214, BAT
4.74, 6.10, 6.37, 20, 0.04460949249576201, BAT
4.82, 5.45, 5.70, 20, 0.045977321871874074, BAT
8.44, 8.86, 9.31, 20, 0.0512951505946332, BAT
1.22, 1.64, 1.75, 20, 0.06628551077872705, BAT
1.47, 2.17, 2.22, 20, 0.02643145309503498, BAT
0.89, 1.26, 1.34, 20, 0.062230938062049095, BAT
2.39, 3.35, 3.39, 20, 0.011893657507245574, BAT
0.71, 0.83, 0.91, 20, 0.09554662326997303, BAT
4.89, 6.17, 6.12, 20, 0.008047885318362813, BAT
1.80, 2.23, 2.09, 20, 0.062285137541102535, BAT
1.80, 2.39, 2.36, 20, 0.015979893631729913, BAT
0.66, 0.77, 0.84, 20, 0.09297192481209579, BAT
0.43, 0.75, 0.72, 20, 0.029091167957586764, BAT
0.94, 1.04, 1.10, 20, 0.05402249078615219, BAT
3.00, 4.19, 3.85, 20, 0.08123991092840506, BAT
2.57, 3.18, 3.07, 20, 0.033976402911511785, BAT
0.63, 0.84, 0.84, 20, 0.0024982945502155626, BAT
0.90, 1.11, 1.40, 20, 0.2533910532735742, BAT
0.69, 0.95, 1.26, 20, 0.33209137883915957, BAT
0.71, 1.00, 1.09, 20, 0.08367347017396692, BAT
0.60, 0.87, 0.80, 20, 0.08922507751380745, BAT
5.10, 7.82, 6.98, 20, 0.10721331185424059, BAT
1.10, 1.49, 1.34, 20, 0.1007769312666833, BAT
1.50, 1.80, 1.99, 20, 0.10375681468052539, BAT
1.21, 1.41, 1.44, 20, 0.020587392540775205, BAT
1.88, 2.51, 2.51, 20, 0.0020037552789171974, BAT
2.18, 3.37, 3.25, 20, 0.03529352905278788, BAT
0.98, 1.26, 1.40, 20, 0.11578711183006887, BAT
0.90, 1.24, 1.31, 20, 0.0561324887179281, BAT
2.63, 3.17, 2.99, 20, 0.05878447415653562, BAT
2.13, 3.20, 2.46, 20, 0.23183874323049955, BAT
1.66, 2.18, 2.06, 20, 0.05545093967218521, BAT
1.76, 2.63, 2.81, 20, 0.06810529952643514, BAT
1.10, 1.46, 1.40, 20, 0.04308629897255463, BAT
0.32, 0.54, 0.56, 20, 0.04051969952513553, BAT
1.03, 1.51, 1.44, 20, 0.047630344376009146, BAT
1.38, 1.93, 1.86, 20, 0.03721754426862906, BAT
0.69, 1.01, 1.07, 20, 0.06485720593336602, BAT
0.53, 0.71, 0.77, 20, 0.07899087731109179, BAT
0.96, 1.36, 1.28, 20, 0.05708940729768004, BAT
0.69, 0.76, 0.75, 20, 0.00838380062561511, BAT
1.42, 1.79, 1.83, 20, 0.024266360909410794, BAT
0.53, 0.69, 0.76, 20, 0.09362980107990385, BAT
0.48, 0.62, 0.69, 20, 0.10293959359624201, BAT
2.86, 3.74, 3.73, 20, 0.0027023521796870585, BAT
1.10, 1.45, 1.44, 20, 0.007148043478744064, BAT
2.32, 3.35, 3.84, 20, 0.1467030186847223, BAT
3.77, 5.20, 5.05, 20, 0.029416627090551154, BAT
2.51, 3.95, 4.53, 20, 0.14536634502970078, BAT
0.46, 0.69, 0.55, 20, 0.2083371067645198, BAT
1.81, 2.55, 2.68, 20, 0.049444068358482064, BAT
4.05, 4.27, 4.25, 20, 0.0047031243126747545, BAT
0.80, 1.18, 1.19, 20, 0.011448497764226203, BAT
1.07, 1.26, 1.29, 20, 0.022316816319271307, BAT
1.63, 1.82, 1.79, 20, 0.012063412995857082, BAT
1.12, 1.33, 1.39, 20, 0.04118765409082437, BAT
0.41, 0.50, 0.53, 20, 0.046102642724126564, BAT
2.55, 2.57, 2.57, 20, 0.0009740587151303466, BAT
1.19, 1.49, 1.37, 20, 0.08023504004247554, BAT
0.60, 0.95, 1.02, 20, 0.06958814286398685, BAT
1.47, 2.08, 2.00, 20, 0.038185524792496164, BAT
0.85, 1.17, 1.07, 20, 0.08466444629171548, BAT
5.75, 7.20, 7.28, 20, 0.010420992187206433, BAT
0.80, 1.00, 1.08, 20, 0.0719765682382535, BAT
1.48, 1.74, 1.69, 20, 0.03064374029209956, BAT
1.28, 1.85, 1.71, 20, 0.07155237436532833, BAT
4.58, 5.72, 6.17, 20, 0.0771902556671627, BAT
7.22, 9.49, 8.57, 20, 0.0966126546066281, BAT
0.62, 0.90, 0.86, 20, 0.04044478700289179, BAT
2.35, 3.17, 3.18, 20, 0.0031522836905814593, BAT
3.28, 4.23, 4.14, 20, 0.021518948056145622, BAT
1.73, 2.10, 2.17, 20, 0.03332253876061159, BAT
5.68, 6.10, 6.21, 20, 0.017084702115479435, BAT
2.01, 2.65, 2.90, 20, 0.09178023304642752, BAT
6.40, 8.90, 1.10, 20, 0.8765706695024483, BAT
2.81, 4.10, 3.79, 20, 0.07530011579736516, BAT
5.14, 6.64, 6.92, 20, 0.04213308329819007, BAT
1.20, 1.62, 1.86, 20, 0.14883854042491515, BAT
3.14, 3.92, 3.70, 20, 0.05623881938962486, BAT
4.08, 5.35, 4.52, 20, 0.15513999063828163, BAT
2.48, 3.85, 3.24, 20, 0.15720495753039845, BAT
3.11, 3.76, 3.56, 20, 0.05318439650045212, BAT
1.10, 1.47, 1.51, 20, 0.025499221843049386, BAT
1.09, 1.31, 1.31, 20, 0.0017561400570193565, BAT
6.02, 7.41, 6.50, 20, 0.12229315260308733, BAT
0.65, 1.04, 1.05, 20, 0.011317383878222629, BAT
6.03, 8.97, 9.68, 20, 0.07945662353872789, BAT
1.59, 1.76, 1.65, 20, 0.06510124540951566, BAT
1.23, 1.63, 1.51, 20, 0.07174590353730886, BAT
0.63, 1.06, 1.33, 20, 0.26134191542887136, BAT
0.92, 1.12, 1.17, 20, 0.04572552030263977, BAT
1.10, 1.71, 1.41, 20, 0.17252535119902893, BAT
0.83, 1.10, 1.16, 20, 0.060620234032154136, BAT
2.35, 3.01, 2.65, 20, 0.11866845144149205, BAT
0.73, 1.06, 1.05, 20, 0.0053622927559158285, BAT
2.68, 2.90, 2.60, 20, 0.10362038756557282, BAT
3.84, 4.75, 4.82, 20, 0.0156256404107844, BAT
0.33, 0.54, 0.61, 20, 0.1199230838510085, BAT
2.91, 3.31, 3.21, 20, 0.03158295683732425, BAT
1.03, 1.42, 1.45, 20, 0.019224349718924904, BAT
2.64, 3.53, 3.40, 20, 0.03474742054072425, BAT
0.95, 1.10, 1.11, 20, 0.01711210585904358, BAT
1.95, 2.65, 2.59, 20, 0.020212306843098486, BAT
3.43, 4.52, 5.22, 20, 0.1555287648992282, BAT
1.50, 1.81, 1.87, 20, 0.032023809668863354, BAT
1.23, 1.71, 1.51, 20, 0.12102264462026742, BAT
1.24, 1.96, 2.37, 20, 0.21000284347023038, BAT
0.50, 0.59, 0.67, 20, 0.11826679209572435, BAT
4.26, 5.81, 6.41, 20, 0.10396585839937147, BAT
1.38, 1.86, 1.67, 20, 0.09946615210942131, BAT
0.68, 0.96, 0.92, 20, 0.03656040868974196, BAT
0.66, 0.98, 0.87, 20, 0.10546040416486366, BAT
0.63, 0.92, 0.79, 20, 0.14299371425296825, BAT
4.35, 7.47, 5.15, 20, 0.3099496131466716, BAT
4.37, 6.01, 5.73, 20, 0.047714471249699894, BAT
0.62, 0.96, 1.10, 20, 0.1419081148941258, BAT
1.99, 2.06, 2.12, 20, 0.029082275989970128, BAT
0.96, 1.49, 1.50, 20, 0.0048615027407629815, BAT
0.71, 1.12, 1.07, 20, 0.05115499812850771, BAT
0.77, 1.02, 1.11, 20, 0.0851937266794137, BAT
5.33, 6.51, 6.40, 20, 0.01804039344602189, BAT
5.92, 8.92, 8.97, 20, 0.005799287609464771, BAT
0.67, 0.74, 0.74, 20, 0.0005056855078383803, BAT
0.90, 1.16, 1.15, 20, 0.004892814376208708, BAT
0.89, 1.20, 1.38, 20, 0.1459358099740383, BAT
5.21, 6.40, 6.18, 20, 0.03392806414771958, BAT
1.35, 1.73, 1.63, 20, 0.05586263463323022, BAT
2.91, 3.30, 3.44, 20, 0.04122046546212336, BAT
1.68, 2.37, 2.00, 20, 0.1551043847062761, BAT
5.21, 7.38, 7.57, 20, 0.026157259758464, BAT
5.15, 6.01, 5.58, 20, 0.07104288134315587, BAT
2.00, 2.83, 3.29, 20, 0.16297032612562837, BAT
0.91, 1.34, 1.63, 20, 0.22150210826770178, BAT
2.21, 2.61, 2.63, 20, 0.008114636849928998, BAT
2.75, 3.93, 3.55, 20, 0.09811444944029941, BAT
1.19, 1.60, 1.63, 20, 0.0188459490556076, BAT
0.61, 0.75, 0.70, 20, 0.0640732306174144, BAT
2.42, 3.32, 3.24, 20, 0.022255463810413278, BAT
4.28, 5.14, 5.42, 20, 0.0544096514197097, BAT
2.88, 4.39, 4.29, 20, 0.023241109661117587, BAT
7.53, 7.98, 7.74, 20, 0.02939546240391874, BAT
1.06, 1.28, 1.45, 20, 0.13646085138216513, BAT
1.10, 1.60, 1.57, 20, 0.020656749664066457, BAT
5.88, 6.99, 6.38, 20, 0.0871052652866262, BAT
3.43, 4.54, 4.57, 20, 0.007627416758889719, BAT
0.99, 1.38, 1.36, 20, 0.01757632534576544, BAT
0.40, 0.54, 0.56, 20, 0.04677682602426961, BAT
2.65, 3.58, 4.62, 20, 0.2922424042132898, BAT
2.83, 3.95, 3.86, 20, 0.022800448701920478, BAT
0.99, 1.42, 1.17, 20, 0.17504353660307972, BAT
1.90, 3.10, 3.15, 20, 0.015836871448536485, BAT
2.29, 2.83, 3.01, 20, 0.061810919837794596, BAT
1.62, 2.36, 2.30, 20, 0.023123675462194578, BAT
2.93, 4.54, 4.50, 20, 0.008598823877542352, BAT
3.07, 4.05, 4.28, 20, 0.05613031655399172, BAT
2.75, 3.12, 3.20, 20, 0.02588614288784374, BAT
3.11, 3.25, 3.40, 20, 0.04596064637570454, BAT
3.14, 5.20, 5.14, 20, 0.011904780087031901, BAT
1.33, 1.95, 1.82, 20, 0.06760579021535307, BAT
1.15, 1.39, 1.49, 20, 0.07071159191855046, BAT
1.39, 2.16, 2.62, 20, 0.21405981173907315, BAT
1.15, 1.57, 1.60, 20, 0.02196081676364465, BAT
0.39, 0.63, 0.58, 20, 0.08963700010630415, BAT
5.86, 6.62, 6.87, 20, 0.037950691126155615, BAT
2.96, 4.03, 3.87, 20, 0.03921812904982338, BAT
4.64, 6.79, 7.08, 20, 0.04282901956930538, BAT
2.71, 4.35, 3.81, 20, 0.12487163166347678, BAT
6.64, 8.56, 8.79, 20, 0.02720011400375585, BAT
2.47, 3.40, 3.40, 20, 0.0001627052875452991, BAT
2.23, 2.65, 2.65, 20, 0.0002092197113790372, BAT
0.87, 1.37, 1.56, 20, 0.1372537289486674, BAT
1.48, 1.76, 1.83, 20, 0.04119927425718637, BAT
1.01, 1.24, 1.14, 20, 0.08451177260936482, BAT
0.56, 0.89, 0.94, 20, 0.05446444055957562, BAT
0.97, 1.34, 1.28, 20, 0.04317384906961001, BAT
3.13, 3.84, 3.95, 20, 0.030738525278557527, BAT
2.52, 3.59, 3.68, 20, 0.02442219252246291, BAT
3.94, 5.25, 7.35, 20, 0.3988288995589923, BAT
2.89, 3.02, 3.14, 20, 0.04053882139190871, BAT
1.43, 2.05, 2.04, 20, 0.0053451419469512235, BAT
5.72, 7.67, 7.16, 20, 0.06641168365550856, BAT
0.82, 1.06, 0.98, 20, 0.07320294847489868, BAT
1.30, 1.70, 1.43, 20, 0.16096284593438423, BAT
2.55, 3.27, 3.30, 20, 0.009083467242497426, BAT
4.76, 6.62, 6.87, 20, 0.03844793936278665, BAT
