0.39, 0.63, 0.63, 20, 0.004139198804277876, BAT SlipP = 0.05, Floor = 1/4
0.83, 0.85, 0.82, 20, 0.032316250077559165, BAT SlipP = 0.05, Floor = 1/4
2.41, 3.13, 2.75, 20, 0.12313813723494058, BAT SlipP = 0.05, Floor = 1/4
3.29, 3.77, 4.67, 20, 0.2372956765398338, BAT SlipP = 0.05, Floor = 1/4
0.60, 0.83, 0.87, 20, 0.05412962356878966, BAT SlipP = 0.05, Floor = 1/4
1.85, 2.36, 2.31, 20, 0.020395811159533126, BAT SlipP = 0.05, Floor = 1/4
1.68, 2.09, 2.04, 20, 0.025074315462643427, BAT SlipP = 0.05, Floor = 1/4
1.03, 1.63, 2.18, 20, 0.33219656538624326, BAT SlipP = 0.05, Floor = 1/4
2.07, 2.78, 3.52, 20, 0.2660109536835441, BAT SlipP = 0.05, Floor = 1/4
1.33, 1.74, 1.58, 20, 0.09003791267653574, BAT SlipP = 0.05, Floor = 1/4
0.41, 0.59, 0.60, 20, 0.0147029185247678, BAT SlipP = 0.05, Floor = 1/4
2.47, 3.53, 3.30, 20, 0.06317017362723285, BAT SlipP = 0.05, Floor = 1/4
0.44, 0.69, 0.72, 20, 0.04849141317409374, BAT SlipP = 0.05, Floor = 1/4
0.85, 1.36, 1.22, 20, 0.10284620516469252, BAT SlipP = 0.05, Floor = 1/4
2.37, 2.72, 2.70, 20, 0.0072941203327923365, BAT SlipP = 0.05, Floor = 1/4
1.09, 1.69, 1.15, 20, 0.32198742795402097, BAT SlipP = 0.05, Floor = 1/4
5.44, 8.08, 7.91, 20, 0.020861236481049827, BAT SlipP = 0.05, Floor = 1/4
1.31, 1.55, 1.52, 20, 0.019368357567427063, BAT SlipP = 0.05, Floor = 1/4
3.84, 4.05, 3.95, 20, 0.023641188457015433, BAT SlipP = 0.05, Floor = 1/4
0.35, 0.52, 0.79, 20, 0.5195706555351697, BAT SlipP = 0.05, Floor = 1/4
0.80, 1.16, 1.29, 20, 0.11310039820195668, BAT SlipP = 0.05, Floor = 1/4
0.98, 1.43, 1.37, 20, 0.04276478259892898, BAT SlipP = 0.05, Floor = 1/4
0.49, 0.73, 0.77, 20, 0.04426602983756006, BAT SlipP = 0.05, Floor = 1/4
1.06, 1.40, 1.22, 20, 0.12615026352296999, BAT SlipP = 0.05, Floor = 1/4
0.45, 0.66, 2.64, 20, 2.9998338432949234, BAT SlipP = 0.05, Floor = 1/4
1.31, 1.71, 1.78, 20, 0.04207390644241171, BAT SlipP = 0.05, Floor = 1/4
0.41, 0.54, 0.60, 20, 0.12362257503889036, BAT SlipP = 0.05, Floor = 1/4
5.42, 5.65, 1.98, 20, 0.6490384944101844, BAT SlipP = 0.05, Floor = 1/4
0.54, 0.72, 0.70, 20, 0.02397538703429311, BAT SlipP = 0.05, Floor = 1/4
2.70, 4.19, 3.52, 20, 0.16161733852523705, BAT SlipP = 0.05, Floor = 1/4
4.63, 7.34, 8.28, 20, 0.1273582177801878, BAT SlipP = 0.05, Floor = 1/4
2.67, 3.61, 3.62, 20, 0.004750831776788917, BAT SlipP = 0.05, Floor = 1/4
0.66, 0.90, 0.82, 20, 0.08831170341513302, BAT SlipP = 0.05, Floor = 1/4
0.73, 1.02, 1.04, 20, 0.02444717770729517, BAT SlipP = 0.05, Floor = 1/4
0.38, 0.60, 0.69, 20, 0.14734298000771662, BAT SlipP = 0.05, Floor = 1/4
4.93, 6.94, 6.73, 20, 0.03039507999299747, BAT SlipP = 0.05, Floor = 1/4
0.47, 0.72, 0.70, 20, 0.028660408813457938, BAT SlipP = 0.05, Floor = 1/4
0.59, 0.70, 0.77, 20, 0.10773418787884524, BAT SlipP = 0.05, Floor = 1/4
1.12, 1.42, 1.51, 20, 0.06269703985249413, BAT SlipP = 0.05, Floor = 1/4
0.95, 1.36, 1.25, 20, 0.08089072580223153, BAT SlipP = 0.05, Floor = 1/4
1.50, 2.08, 2.31, 20, 0.11343650325785017, BAT SlipP = 0.05, Floor = 1/4
0.87, 1.17, 1.47, 20, 0.25984931761444996, BAT SlipP = 0.05, Floor = 1/4
0.99, 1.18, 1.17, 20, 0.006452357615030433, BAT SlipP = 0.05, Floor = 1/4
0.92, 1.38, 1.32, 20, 0.0478044546477509, BAT SlipP = 0.05, Floor = 1/4
0.50, 0.67, 0.65, 20, 0.03598933046896212, BAT SlipP = 0.05, Floor = 1/4
4.08, 5.59, 5.46, 20, 0.02298517980180421, BAT SlipP = 0.05, Floor = 1/4
0.31, 0.50, 0.52, 20, 0.04122626550941265, BAT SlipP = 0.05, Floor = 1/4
0.98, 1.32, 1.19, 20, 0.09700002833282703, BAT SlipP = 0.05, Floor = 1/4
1.64, 2.09, 1.87, 20, 0.10864061205381961, BAT SlipP = 0.05, Floor = 1/4
4.77, 8.01, 9.14, 20, 0.14086821473623856, BAT SlipP = 0.05, Floor = 1/4
1.77, 2.79, 2.89, 20, 0.03452650243986071, BAT SlipP = 0.05, Floor = 1/4
0.83, 1.02, 1.04, 20, 0.021316083960130287, BAT SlipP = 0.05, Floor = 1/4
2.34, 2.90, 2.69, 20, 0.0719707665225244, BAT SlipP = 0.05, Floor = 1/4
1.10, 1.62, 1.37, 20, 0.15323891287746383, BAT SlipP = 0.05, Floor = 1/4
1.38, 2.20, 1.79, 20, 0.18970737720454292, BAT SlipP = 0.05, Floor = 1/4
2.04, 2.32, 2.29, 20, 0.013337816825797539, BAT SlipP = 0.05, Floor = 1/4
1.23, 1.86, 1.82, 20, 0.02196558326228289, BAT SlipP = 0.05, Floor = 1/4
2.77, 3.76, 3.85, 20, 0.02330197250267896, BAT SlipP = 0.05, Floor = 1/4
3.35, 5.26, 5.50, 20, 0.044117070103341295, BAT SlipP = 0.05, Floor = 1/4
0.64, 0.96, 0.92, 20, 0.04817264587094, BAT SlipP = 0.05, Floor = 1/4
2.55, 4.03, 3.16, 20, 0.21493213392694333, BAT SlipP = 0.05, Floor = 1/4
0.61, 0.67, 0.71, 20, 0.05694952503662666, BAT SlipP = 0.05, Floor = 1/4
0.93, 1.19, 1.33, 20, 0.11482164087959586, BAT SlipP = 0.05, Floor = 1/4
1.73, 2.88, 2.82, 20, 0.021524037965862632, BAT SlipP = 0.05, Floor = 1/4
1.52, 2.09, 2.23, 20, 0.07093871126652482, BAT SlipP = 0.05, Floor = 1/4
0.89, 1.37, 1.92, 20, 0.39612431835897344, BAT SlipP = 0.05, Floor = 1/4
7.55, 8.75, 9.33, 20, 0.066007019765313, BAT SlipP = 0.05, Floor = 1/4
0.54, 0.82, 0.81, 20, 0.017066210492784138, BAT SlipP = 0.05, Floor = 1/4
0.59, 0.85, 0.97, 20, 0.13251578045229892, BAT SlipP = 0.05, Floor = 1/4
0.59, 0.74, 0.69, 20, 0.06643971563976606, BAT SlipP = 0.05, Floor = 1/4
1.47, 2.31, 2.31, 20, 0.0003442598188350201, BAT SlipP = 0.05, Floor = 1/4
0.77, 0.83, 0.84, 20, 0.003897032414994038, BAT SlipP = 0.05, Floor = 1/4
2.81, 3.47, 3.48, 20, 0.003348300757312432, BAT SlipP = 0.05, Floor = 1/4
4.27, 4.31, 4.32, 20, 0.0003727399952113682, BAT SlipP = 0.05, Floor = 1/4
0.81, 0.93, 0.94, 20, 0.006602847445860813, BAT SlipP = 0.05, Floor = 1/4
0.83, 1.00, 1.07, 20, 0.07591313509789875, BAT SlipP = 0.05, Floor = 1/4
2.50, 3.33, 3.40, 20, 0.02146419183556186, BAT SlipP = 0.05, Floor = 1/4
0.48, 0.62, 0.59, 20, 0.042363258912004015, BAT SlipP = 0.05, Floor = 1/4
4.48, 5.75, 6.08, 20, 0.05811113862386024, BAT SlipP = 0.05, Floor = 1/4
0.95, 1.15, 1.15, 20, 0.0037417393137714043, BAT SlipP = 0.05, Floor = 1/4
0.64, 0.97, 0.97, 20, 0.010175609277132496, BAT SlipP = 0.05, Floor = 1/4
2.36, 4.02, 3.49, 20, 0.130884953014727, BAT SlipP = 0.05, Floor = 1/4
1.89, 2.65, 2.64, 20, 0.003405552651397267, BAT SlipP = 0.05, Floor = 1/4
6.54, 9.42, 8.69, 20, 0.0777267536066573, BAT SlipP = 0.05, Floor = 1/4
0.85, 1.19, 1.19, 20, 0.0022745715920319785, BAT SlipP = 0.05, Floor = 1/4
1.82, 2.53, 2.47, 20, 0.023225898040373075, BAT SlipP = 0.05, Floor = 1/4
3.74, 4.65, 4.56, 20, 0.020225826483697286, BAT SlipP = 0.05, Floor = 1/4
2.74, 3.53, 3.37, 20, 0.04446069343360061, BAT SlipP = 0.05, Floor = 1/4
0.61, 1.01, 0.83, 20, 0.17862236726595712, BAT SlipP = 0.05, Floor = 1/4
2.82, 3.44, 3.70, 20, 0.07439637451553464, BAT SlipP = 0.05, Floor = 1/4
3.05, 3.63, 3.27, 20, 0.0995653512804324, BAT SlipP = 0.05, Floor = 1/4
1.10, 1.58, 1.27, 20, 0.1958565644593228, BAT SlipP = 0.05, Floor = 1/4
2.17, 2.50, 2.47, 20, 0.012429529353453346, BAT SlipP = 0.05, Floor = 1/4
4.12, 4.62, 4.65, 20, 0.00584065238337699, BAT SlipP = 0.05, Floor = 1/4
1.00, 1.41, 1.21, 20, 0.1420496324536119, BAT SlipP = 0.05, Floor = 1/4
2.67, 3.47, 3.34, 20, 0.036565528007736665, BAT SlipP = 0.05, Floor = 1/4
0.79, 0.98, 1.06, 20, 0.08422869062635688, BAT SlipP = 0.05, Floor = 1/4
4.32, 4.78, 4.90, 20, 0.024048757566614162, BAT SlipP = 0.05, Floor = 1/4
0.80, 1.07, 0.96, 20, 0.10165530725361482, BAT SlipP = 0.05, Floor = 1/4
0.57, 0.82, 0.84, 20, 0.01699040320673165, BAT SlipP = 0.05, Floor = 1/4
6.27, 7.56, 8.32, 20, 0.10038646075320043, BAT SlipP = 0.05, Floor = 1/4
0.50, 0.75, 0.81, 20, 0.08994877316386461, BAT SlipP = 0.05, Floor = 1/4
1.05, 1.56, 1.35, 20, 0.13568181469813603, BAT SlipP = 0.05, Floor = 1/4
1.00, 1.38, 1.21, 20, 0.12588431886769674, BAT SlipP = 0.05, Floor = 1/4
1.01, 1.53, 0.88, 20, 0.4277650445163803, BAT SlipP = 0.05, Floor = 1/4
5.21, 7.71, 8.53, 20, 0.10694676537000919, BAT SlipP = 0.05, Floor = 1/4
1.49, 1.77, 1.71, 20, 0.031181739965671407, BAT SlipP = 0.05, Floor = 1/4
1.19, 1.73, 1.63, 20, 0.05409328104383932, BAT SlipP = 0.05, Floor = 1/4
3.24, 3.91, 4.22, 20, 0.07720218937664027, BAT SlipP = 0.05, Floor = 1/4
3.44, 5.13, 5.33, 20, 0.03891294202281534, BAT SlipP = 0.05, Floor = 1/4
0.80, 0.98, 0.90, 20, 0.0861224981863425, BAT SlipP = 0.05, Floor = 1/4
3.86, 6.01, 4.53, 20, 0.2467317635296486, BAT SlipP = 0.05, Floor = 1/4
6.72, 7.26, 6.68, 20, 0.0795669628001403, BAT SlipP = 0.05, Floor = 1/4
3.73, 4.32, 4.30, 20, 0.005693074485452984, BAT SlipP = 0.05, Floor = 1/4
2.48, 3.64, 3.65, 20, 0.001356293875478245, BAT SlipP = 0.05, Floor = 1/4
3.03, 3.72, 3.76, 20, 0.010795246238099725, BAT SlipP = 0.05, Floor = 1/4
0.38, 0.55, 0.55, 20, 0.0006491859409489435, BAT SlipP = 0.05, Floor = 1/4
1.44, 2.09, 2.07, 20, 0.0075768247109527, BAT SlipP = 0.05, Floor = 1/4
0.37, 0.52, 0.57, 20, 0.10102751088190146, BAT SlipP = 0.05, Floor = 1/4
0.55, 0.72, 0.80, 20, 0.1201472325083338, BAT SlipP = 0.05, Floor = 1/4
1.12, 1.41, 1.66, 20, 0.17528889755212884, BAT SlipP = 0.05, Floor = 1/4
0.90, 1.36, 1.35, 20, 0.006878749986696402, BAT SlipP = 0.05, Floor = 1/4
2.67, 3.48, 3.47, 20, 0.002403112061360091, BAT SlipP = 0.05, Floor = 1/4
2.11, 3.10, 2.13, 20, 0.31415711005131625, BAT SlipP = 0.05, Floor = 1/4
1.92, 2.16, 1.82, 20, 0.15937098477364697, BAT SlipP = 0.05, Floor = 1/4
1.86, 2.45, 1.99, 20, 0.1897624117631982, BAT SlipP = 0.05, Floor = 1/4
3.26, 5.24, 4.28, 20, 0.18428324776456445, BAT SlipP = 0.05, Floor = 1/4
1.15, 1.60, 1.64, 20, 0.03024949789793936, BAT SlipP = 0.05, Floor = 1/4
0.99, 1.59, 1.72, 20, 0.08185828035062999, BAT SlipP = 0.05, Floor = 1/4
3.19, 4.86, 4.00, 20, 0.17663303370007782, BAT SlipP = 0.05, Floor = 1/4
1.28, 1.74, 2.09, 20, 0.20032649349188647, BAT SlipP = 0.05, Floor = 1/4
6.55, 9.14, 9.42, 20, 0.03018255763389811, BAT SlipP = 0.05, Floor = 1/4
0.38, 0.64, 0.71, 20, 0.1142471656138588, BAT SlipP = 0.05, Floor = 1/4
1.74, 2.52, 2.31, 20, 0.08315229112365216, BAT SlipP = 0.05, Floor = 1/4
4.53, 5.69, 5.73, 20, 0.005812733864206957, BAT SlipP = 0.05, Floor = 1/4
1.07, 1.83, 1.90, 20, 0.039397407455128375, BAT SlipP = 0.05, Floor = 1/4
0.65, 0.98, 1.04, 20, 0.05827120526963313, BAT SlipP = 0.05, Floor = 1/4
0.58, 0.69, 0.73, 20, 0.05909624415123596, BAT SlipP = 0.05, Floor = 1/4
5.42, 6.99, 6.27, 20, 0.10369361382215503, BAT SlipP = 0.05, Floor = 1/4
0.60, 0.91, 0.88, 20, 0.0403992667908405, BAT SlipP = 0.05, Floor = 1/4
1.02, 1.34, 1.36, 20, 0.017861757750777467, BAT SlipP = 0.05, Floor = 1/4
2.03, 3.09, 3.82, 20, 0.23506877424813996, BAT SlipP = 0.05, Floor = 1/4
1.08, 1.09, 1.05, 20, 0.03692426822382136, BAT SlipP = 0.05, Floor = 1/4
0.66, 1.06, 0.85, 20, 0.20035241276027868, BAT SlipP = 0.05, Floor = 1/4
7.25, 8.80, 8.87, 20, 0.007852341008554316, BAT SlipP = 0.05, Floor = 1/4
2.35, 3.23, 3.54, 20, 0.09673315251132529, BAT SlipP = 0.05, Floor = 1/4
1.16, 1.69, 1.65, 20, 0.02218698891133191, BAT SlipP = 0.05, Floor = 1/4
2.00, 2.52, 2.36, 20, 0.0664826859645791, BAT SlipP = 0.05, Floor = 1/4
2.11, 3.22, 3.06, 20, 0.047740882415179466, BAT SlipP = 0.05, Floor = 1/4
2.21, 3.02, 2.66, 20, 0.11952475599916812, BAT SlipP = 0.05, Floor = 1/4
1.32, 1.64, 1.54, 20, 0.06251520937223377, BAT SlipP = 0.05, Floor = 1/4
1.24, 1.36, 1.37, 20, 0.0034833363772300272, BAT SlipP = 0.05, Floor = 1/4
1.48, 2.21, 1.75, 20, 0.20852304046321377, BAT SlipP = 0.05, Floor = 1/4
0.62, 0.80, 0.79, 20, 0.018944712701029202, BAT SlipP = 0.05, Floor = 1/4
1.09, 1.51, 1.46, 20, 0.03659082959417929, BAT SlipP = 0.05, Floor = 1/4
4.42, 5.64, 6.65, 20, 0.17863802057692638, BAT SlipP = 0.05, Floor = 1/4
2.31, 3.09, 3.33, 20, 0.07822447912448835, BAT SlipP = 0.05, Floor = 1/4
2.20, 2.92, 2.67, 20, 0.08323004219978578, BAT SlipP = 0.05, Floor = 1/4
1.15, 1.85, 1.70, 20, 0.08283682033689642, BAT SlipP = 0.05, Floor = 1/4
0.71, 1.01, 1.01, 20, 0.001644261588903699, BAT SlipP = 0.05, Floor = 1/4
1.17, 1.78, 1.90, 20, 0.06550226541512995, BAT SlipP = 0.05, Floor = 1/4
6.07, 8.80, 9.16, 20, 0.04152886038820604, BAT SlipP = 0.05, Floor = 1/4
1.84, 2.16, 2.24, 20, 0.038219911258879434, BAT SlipP = 0.05, Floor = 1/4
0.60, 0.82, 0.81, 20, 0.016653181779038562, BAT SlipP = 0.05, Floor = 1/4
0.60, 0.93, 0.87, 20, 0.06622654321518155, BAT SlipP = 0.05, Floor = 1/4
1.09, 1.20, 1.22, 20, 0.011472063617028277, BAT SlipP = 0.05, Floor = 1/4
1.13, 1.54, 1.66, 20, 0.07547726137827053, BAT SlipP = 0.05, Floor = 1/4
1.05, 1.37, 1.31, 20, 0.04394819285698299, BAT SlipP = 0.05, Floor = 1/4
7.09, 8.59, 8.73, 20, 0.016364266306085912, BAT SlipP = 0.05, Floor = 1/4
1.21, 1.62, 1.52, 20, 0.06023614092691271, BAT SlipP = 0.05, Floor = 1/4
5.64, 7.70, 7.06, 20, 0.0831561539575825, BAT SlipP = 0.05, Floor = 1/4
2.84, 4.07, 3.87, 20, 0.047368062333518285, BAT SlipP = 0.05, Floor = 1/4
0.70, 1.09, 0.97, 20, 0.1148802323248866, BAT SlipP = 0.05, Floor = 1/4
3.12, 4.36, 4.24, 20, 0.027860005217488697, BAT SlipP = 0.05, Floor = 1/4
3.19, 3.66, 3.81, 20, 0.03992920617411346, BAT SlipP = 0.05, Floor = 1/4
1.33, 2.09, 1.77, 20, 0.15264068481222684, BAT SlipP = 0.05, Floor = 1/4
0.40, 0.53, 0.59, 20, 0.10606399190385894, BAT SlipP = 0.05, Floor = 1/4
4.84, 5.73, 5.58, 20, 0.025357645567003283, BAT SlipP = 0.05, Floor = 1/4
0.40, 0.57, 0.58, 20, 0.03054938475372222, BAT SlipP = 0.05, Floor = 1/4
5.39, 7.59, 6.84, 20, 0.09837194915411998, BAT SlipP = 0.05, Floor = 1/4
0.45, 0.67, 0.65, 20, 0.03479238274675663, BAT SlipP = 0.05, Floor = 1/4
0.85, 1.05, 1.06, 200, 0.005102418205335629, BAT SlipP = 0.05, Floor = 1/4
1.93, 2.82, 2.92, 200, 0.03378364209703974, BAT SlipP = 0.05, Floor = 1/4
1.50, 1.56, 1.57, 200, 0.006405538402209521, BAT SlipP = 0.05, Floor = 1/4
1.36, 1.64, 1.71, 200, 0.042147970426075515, BAT SlipP = 0.05, Floor = 1/4
3.43, 4.64, 4.67, 200, 0.005531761313008964, BAT SlipP = 0.05, Floor = 1/4
1.05, 1.41, 1.35, 200, 0.04320239848282534, BAT SlipP = 0.05, Floor = 1/4
5.16, 6.45, 6.44, 200, 0.0010239384451735465, BAT SlipP = 0.05, Floor = 1/4
1.95, 2.76, 2.64, 200, 0.044945993181007456, BAT SlipP = 0.05, Floor = 1/4
1.98, 3.15, 3.14, 200, 0.00359737923842557, BAT SlipP = 0.05, Floor = 1/4
1.11, 1.32, 1.33, 200, 0.007964585297015268, BAT SlipP = 0.05, Floor = 1/4
1.12, 1.29, 1.28, 200, 0.009870751615601183, BAT SlipP = 0.05, Floor = 1/4
1.12, 1.69, 1.66, 200, 0.0177734917615492, BAT SlipP = 0.05, Floor = 1/4
1.40, 1.87, 1.93, 200, 0.030606343182564645, BAT SlipP = 0.05, Floor = 1/4
3.65, 5.77, 5.85, 200, 0.01271119964197744, BAT SlipP = 0.05, Floor = 1/4
0.52, 0.54, 0.54, 200, 0.0074346226524904845, BAT SlipP = 0.05, Floor = 1/4
2.91, 3.36, 3.40, 200, 0.013316837319930023, BAT SlipP = 0.05, Floor = 1/4
1.09, 1.41, 1.42, 200, 0.0068920222368458175, BAT SlipP = 0.05, Floor = 1/4
3.72, 4.08, 4.17, 200, 0.022579404185072358, BAT SlipP = 0.05, Floor = 1/4
3.63, 4.96, 5.22, 200, 0.053074155525632466, BAT SlipP = 0.05, Floor = 1/4
1.45, 2.23, 2.24, 200, 0.004082379540200739, BAT SlipP = 0.05, Floor = 1/4
1.36, 1.80, 1.81, 200, 0.0021287633837906708, BAT SlipP = 0.05, Floor = 1/4
3.62, 4.64, 4.53, 200, 0.023177390809363783, BAT SlipP = 0.05, Floor = 1/4
1.22, 1.53, 1.57, 200, 0.028014848658799607, BAT SlipP = 0.05, Floor = 1/4
4.05, 5.54, 5.47, 200, 0.011737498979802684, BAT SlipP = 0.05, Floor = 1/4
2.65, 3.35, 3.40, 200, 0.012611802878834049, BAT SlipP = 0.05, Floor = 1/4
1.29, 1.91, 1.91, 200, 0.00010953471778744005, BAT SlipP = 0.05, Floor = 1/4
1.94, 3.23, 3.22, 200, 0.001944773176759668, BAT SlipP = 0.05, Floor = 1/4
0.90, 1.26, 1.29, 200, 0.02415604193417942, BAT SlipP = 0.05, Floor = 1/4
3.17, 5.24, 5.07, 200, 0.031976131124888625, BAT SlipP = 0.05, Floor = 1/4
0.60, 0.71, 0.72, 200, 0.022472581770748755, BAT SlipP = 0.05, Floor = 1/4
0.46, 0.61, 0.61, 200, 0.007695289823028514, BAT SlipP = 0.05, Floor = 1/4
0.99, 1.41, 1.35, 200, 0.04054371987605312, BAT SlipP = 0.05, Floor = 1/4
1.58, 2.62, 2.65, 200, 0.011382309805492973, BAT SlipP = 0.05, Floor = 1/4
0.94, 1.30, 1.33, 200, 0.02442906285995193, BAT SlipP = 0.05, Floor = 1/4
1.00, 1.63, 1.75, 200, 0.06941557447948207, BAT SlipP = 0.05, Floor = 1/4
1.09, 1.50, 1.55, 200, 0.03149723972332923, BAT SlipP = 0.05, Floor = 1/4
2.90, 4.27, 4.21, 200, 0.014710637896041184, BAT SlipP = 0.05, Floor = 1/4
7.41, 8.51, 8.61, 200, 0.01116718168670708, BAT SlipP = 0.05, Floor = 1/4
4.89, 6.30, 6.24, 200, 0.00973658220506698, BAT SlipP = 0.05, Floor = 1/4
1.95, 2.51, 2.49, 200, 0.006595661696175181, BAT SlipP = 0.05, Floor = 1/4
2.56, 2.79, 2.75, 200, 0.01120751120431636, BAT SlipP = 0.05, Floor = 1/4
0.88, 1.24, 1.22, 200, 0.014128279125531452, BAT SlipP = 0.05, Floor = 1/4
2.81, 4.35, 4.23, 200, 0.02940811833340811, BAT SlipP = 0.05, Floor = 1/4
1.53, 2.38, 2.26, 200, 0.050960698089077834, BAT SlipP = 0.05, Floor = 1/4
0.67, 0.89, 0.88, 200, 0.010634522158264043, BAT SlipP = 0.05, Floor = 1/4
1.56, 2.54, 2.51, 200, 0.011194488506308924, BAT SlipP = 0.05, Floor = 1/4
3.23, 4.94, 4.83, 200, 0.022380291003327175, BAT SlipP = 0.05, Floor = 1/4
0.97, 1.53, 1.53, 200, 0.0003543753254924587, BAT SlipP = 0.05, Floor = 1/4
0.93, 1.32, 1.30, 200, 0.0155783085648891, BAT SlipP = 0.05, Floor = 1/4
4.48, 5.32, 5.20, 200, 0.02279635720723689, BAT SlipP = 0.05, Floor = 1/4
1.43, 2.23, 2.30, 200, 0.03174676372621197, BAT SlipP = 0.05, Floor = 1/4
4.01, 7.12, 6.75, 200, 0.052864892998624055, BAT SlipP = 0.05, Floor = 1/4
2.93, 3.50, 3.49, 200, 0.002517910934741085, BAT SlipP = 0.05, Floor = 1/4
0.96, 1.34, 1.27, 200, 0.046296094244294726, BAT SlipP = 0.05, Floor = 1/4
0.91, 1.27, 1.24, 200, 0.025214239350975966, BAT SlipP = 0.05, Floor = 1/4
4.10, 6.00, 5.98, 200, 0.0022362582406506718, BAT SlipP = 0.05, Floor = 1/4
1.53, 2.27, 2.22, 200, 0.02069024659965579, BAT SlipP = 0.05, Floor = 1/4
1.03, 1.33, 1.31, 200, 0.021367339636555054, BAT SlipP = 0.05, Floor = 1/4
0.90, 1.15, 1.17, 200, 0.018144511100625874, BAT SlipP = 0.05, Floor = 1/4
2.81, 3.33, 3.30, 200, 0.009984630554830969, BAT SlipP = 0.05, Floor = 1/4
1.39, 1.79, 1.77, 200, 0.0110022824281696, BAT SlipP = 0.05, Floor = 1/4
1.54, 2.18, 2.20, 200, 0.006445732689589943, BAT SlipP = 0.05, Floor = 1/4
4.67, 6.62, 6.41, 200, 0.0320268293567084, BAT SlipP = 0.05, Floor = 1/4
6.15, 7.87, 8.00, 200, 0.01685561082162134, BAT SlipP = 0.05, Floor = 1/4
2.50, 3.00, 3.06, 200, 0.02053142876969307, BAT SlipP = 0.05, Floor = 1/4
0.74, 1.13, 1.06, 200, 0.06285528009728138, BAT SlipP = 0.05, Floor = 1/4
5.23, 5.63, 5.61, 200, 0.003925136888471122, BAT SlipP = 0.05, Floor = 1/4
0.55, 0.84, 0.82, 200, 0.021632073186667513, BAT SlipP = 0.05, Floor = 1/4
1.88, 2.68, 2.69, 200, 0.0011113063576102522, BAT SlipP = 0.05, Floor = 1/4
1.72, 2.18, 2.22, 200, 0.01676659743431842, BAT SlipP = 0.05, Floor = 1/4
1.33, 1.91, 1.95, 200, 0.02112591065480894, BAT SlipP = 0.05, Floor = 1/4
0.92, 0.99, 0.99, 200, 0.0012735511913700111, BAT SlipP = 0.05, Floor = 1/4
2.03, 2.09, 2.08, 200, 0.006884993111857696, BAT SlipP = 0.05, Floor = 1/4
4.55, 4.84, 4.91, 200, 0.014833219986926346, BAT SlipP = 0.05, Floor = 1/4
0.66, 0.93, 0.91, 200, 0.023797027662690214, BAT SlipP = 0.05, Floor = 1/4
3.83, 5.95, 5.78, 200, 0.029073379933443444, BAT SlipP = 0.05, Floor = 1/4
2.66, 2.93, 2.94, 200, 0.0033691151106129357, BAT SlipP = 0.05, Floor = 1/4
1.49, 2.14, 2.05, 200, 0.0421351763200402, BAT SlipP = 0.05, Floor = 1/4
0.49, 0.61, 0.62, 200, 0.02232096748456187, BAT SlipP = 0.05, Floor = 1/4
4.02, 5.75, 5.73, 200, 0.0035872911806042814, BAT SlipP = 0.05, Floor = 1/4
1.76, 2.22, 2.29, 200, 0.028830327172102443, BAT SlipP = 0.05, Floor = 1/4
3.95, 6.21, 6.07, 200, 0.023365741416809523, BAT SlipP = 0.05, Floor = 1/4
4.45, 5.53, 5.56, 200, 0.0044242820882784105, BAT SlipP = 0.05, Floor = 1/4
1.56, 2.05, 2.03, 200, 0.010837509886631434, BAT SlipP = 0.05, Floor = 1/4
1.06, 1.31, 1.33, 200, 0.01781834219724161, BAT SlipP = 0.05, Floor = 1/4
2.05, 3.07, 3.14, 200, 0.024145515129560192, BAT SlipP = 0.05, Floor = 1/4
0.64, 0.95, 0.89, 200, 0.06313864607861155, BAT SlipP = 0.05, Floor = 1/4
0.85, 1.23, 1.19, 200, 0.033925133379289055, BAT SlipP = 0.05, Floor = 1/4
2.02, 2.42, 2.41, 200, 0.002769256172899193, BAT SlipP = 0.05, Floor = 1/4
5.79, 9.25, 8.81, 200, 0.047686145868634164, BAT SlipP = 0.05, Floor = 1/4
0.53, 0.81, 0.80, 200, 0.02271089318212632, BAT SlipP = 0.05, Floor = 1/4
1.02, 1.42, 1.36, 200, 0.039400698414262914, BAT SlipP = 0.05, Floor = 1/4
5.02, 6.97, 7.03, 200, 0.008789159105879463, BAT SlipP = 0.05, Floor = 1/4
0.98, 1.48, 1.48, 200, 0.003739510861807614, BAT SlipP = 0.05, Floor = 1/4
2.74, 3.63, 3.62, 200, 0.0007681758733258851, BAT SlipP = 0.05, Floor = 1/4
3.99, 4.85, 4.78, 200, 0.015204403207032011, BAT SlipP = 0.05, Floor = 1/4
1.05, 1.41, 1.43, 200, 0.011995896048978123, BAT SlipP = 0.05, Floor = 1/4
3.31, 4.64, 4.41, 200, 0.051286302791217334, BAT SlipP = 0.05, Floor = 1/4
1.99, 2.99, 3.05, 200, 0.01778164454762226, BAT SlipP = 0.05, Floor = 1/4
2.25, 3.06, 3.24, 200, 0.06125644926473535, BAT SlipP = 0.05, Floor = 1/4
2.82, 3.54, 3.61, 200, 0.020961967656684434, BAT SlipP = 0.05, Floor = 1/4
1.55, 2.20, 2.18, 200, 0.007507227123794688, BAT SlipP = 0.05, Floor = 1/4
7.13, 9.31, 9.10, 200, 0.022649522928504914, BAT SlipP = 0.05, Floor = 1/4
2.29, 3.56, 3.36, 200, 0.057486222073265564, BAT SlipP = 0.05, Floor = 1/4
4.59, 7.51, 7.05, 200, 0.06136245963176482, BAT SlipP = 0.05, Floor = 1/4
4.99, 6.39, 6.44, 200, 0.008456824966776737, BAT SlipP = 0.05, Floor = 1/4
6.80, 9.18, 8.87, 200, 0.033410806415051626, BAT SlipP = 0.05, Floor = 1/4
0.95, 1.35, 1.29, 200, 0.042958925733147246, BAT SlipP = 0.05, Floor = 1/4
0.73, 1.01, 1.02, 200, 0.0047977330365366385, BAT SlipP = 0.05, Floor = 1/4
0.41, 0.66, 0.67, 200, 0.01256916757400371, BAT SlipP = 0.05, Floor = 1/4
2.76, 3.88, 3.89, 200, 0.003615529773009141, BAT SlipP = 0.05, Floor = 1/4
2.78, 4.01, 4.04, 200, 0.0055562265544074445, BAT SlipP = 0.05, Floor = 1/4
1.75, 2.23, 2.25, 200, 0.00898870928688878, BAT SlipP = 0.05, Floor = 1/4
1.19, 1.44, 1.48, 200, 0.02682758703460088, BAT SlipP = 0.05, Floor = 1/4
1.94, 2.94, 3.00, 200, 0.02100873059519466, BAT SlipP = 0.05, Floor = 1/4
1.14, 1.60, 1.62, 200, 0.011250597939860763, BAT SlipP = 0.05, Floor = 1/4
1.41, 2.00, 1.95, 200, 0.026149796263528764, BAT SlipP = 0.05, Floor = 1/4
1.86, 2.51, 2.41, 200, 0.04098170722879422, BAT SlipP = 0.05, Floor = 1/4
3.91, 5.59, 5.68, 200, 0.015953916470234666, BAT SlipP = 0.05, Floor = 1/4
0.46, 0.64, 0.65, 200, 0.011413991988900132, BAT SlipP = 0.05, Floor = 1/4
1.59, 2.32, 2.34, 200, 0.00891792351974494, BAT SlipP = 0.05, Floor = 1/4
1.74, 2.09, 2.03, 200, 0.028772196085125535, BAT SlipP = 0.05, Floor = 1/4
5.02, 8.85, 8.85, 200, 0.00019696227655694723, BAT SlipP = 0.05, Floor = 1/4
5.24, 7.62, 7.46, 200, 0.020960478916235262, BAT SlipP = 0.05, Floor = 1/4
0.62, 0.84, 0.86, 200, 0.025725631719710745, BAT SlipP = 0.05, Floor = 1/4
1.19, 1.99, 2.04, 200, 0.026417466962625487, BAT SlipP = 0.05, Floor = 1/4
1.56, 2.20, 2.22, 200, 0.009991195781116168, BAT SlipP = 0.05, Floor = 1/4
0.92, 1.19, 1.22, 200, 0.02993073744564527, BAT SlipP = 0.05, Floor = 1/4
0.60, 0.78, 0.77, 200, 0.014889466648008874, BAT SlipP = 0.05, Floor = 1/4
4.89, 7.52, 7.29, 200, 0.029893629985384636, BAT SlipP = 0.05, Floor = 1/4
1.89, 2.84, 2.86, 200, 0.009303705215932413, BAT SlipP = 0.05, Floor = 1/4
1.03, 1.54, 1.46, 200, 0.047892148478732896, BAT SlipP = 0.05, Floor = 1/4
2.92, 4.38, 4.15, 200, 0.05286037687175432, BAT SlipP = 0.05, Floor = 1/4
1.18, 1.59, 1.66, 200, 0.04480426300054103, BAT SlipP = 0.05, Floor = 1/4
1.65, 2.02, 2.00, 200, 0.011817811362595363, BAT SlipP = 0.05, Floor = 1/4
4.36, 6.82, 6.78, 200, 0.0058522749882176945, BAT SlipP = 0.05, Floor = 1/4
0.52, 0.77, 0.79, 200, 0.014632789656140023, BAT SlipP = 0.05, Floor = 1/4
0.99, 1.62, 1.59, 200, 0.018530863661185278, BAT SlipP = 0.05, Floor = 1/4
5.28, 7.29, 7.36, 200, 0.009688100854431931, BAT SlipP = 0.05, Floor = 1/4
1.65, 1.87, 1.88, 200, 0.0058282952359112235, BAT SlipP = 0.05, Floor = 1/4
2.59, 2.82, 2.88, 200, 0.022269731948556984, BAT SlipP = 0.05, Floor = 1/4
2.45, 3.39, 3.53, 200, 0.041484076526636174, BAT SlipP = 0.05, Floor = 1/4
0.56, 0.68, 0.69, 200, 0.009984320812069776, BAT SlipP = 0.05, Floor = 1/4
0.64, 0.85, 0.85, 200, 0.0009804524224611697, BAT SlipP = 0.05, Floor = 1/4
2.22, 3.30, 3.27, 200, 0.009389389736255733, BAT SlipP = 0.05, Floor = 1/4
5.08, 6.68, 6.62, 200, 0.008190210997916555, BAT SlipP = 0.05, Floor = 1/4
4.39, 6.08, 5.96, 200, 0.020934151393028923, BAT SlipP = 0.05, Floor = 1/4
2.56, 3.88, 3.93, 200, 0.011107691209244971, BAT SlipP = 0.05, Floor = 1/4
1.90, 2.40, 2.39, 200, 0.005700179577594884, BAT SlipP = 0.05, Floor = 1/4
2.89, 3.87, 3.70, 200, 0.04552480869108061, BAT SlipP = 0.05, Floor = 1/4
3.75, 4.20, 4.30, 200, 0.023388794851631957, BAT SlipP = 0.05, Floor = 1/4
4.47, 6.48, 6.46, 200, 0.00386188452224574, BAT SlipP = 0.05, Floor = 1/4
0.93, 0.94, 0.94, 200, 0.0022857380749918064, BAT SlipP = 0.05, Floor = 1/4
1.06, 1.40, 1.43, 200, 0.02186836784010176, BAT SlipP = 0.05, Floor = 1/4
1.27, 1.88, 1.89, 200, 0.0020250858162601288, BAT SlipP = 0.05, Floor = 1/4
4.61, 6.51, 6.62, 200, 0.0170491923594406, BAT SlipP = 0.05, Floor = 1/4
3.01, 4.90, 4.97, 200, 0.012932182123073335, BAT SlipP = 0.05, Floor = 1/4
1.79, 2.60, 2.58, 200, 0.005701604619425006, BAT SlipP = 0.05, Floor = 1/4
0.70, 1.03, 1.06, 200, 0.03297201507599213, BAT SlipP = 0.05, Floor = 1/4
0.63, 0.90, 0.89, 200, 0.013993471550340206, BAT SlipP = 0.05, Floor = 1/4
1.35, 2.17, 2.05, 200, 0.054682074799067656, BAT SlipP = 0.05, Floor = 1/4
1.38, 1.87, 1.82, 200, 0.0279558150656275, BAT SlipP = 0.05, Floor = 1/4
0.62, 0.91, 0.96, 200, 0.056752066400516936, BAT SlipP = 0.05, Floor = 1/4
1.25, 1.75, 1.85, 200, 0.06052892163505215, BAT SlipP = 0.05, Floor = 1/4
2.59, 3.54, 3.55, 200, 0.0029834698102533252, BAT SlipP = 0.05, Floor = 1/4
3.01, 3.46, 3.47, 200, 0.002528219177398639, BAT SlipP = 0.05, Floor = 1/4
3.31, 4.09, 4.05, 200, 0.01160072645941539, BAT SlipP = 0.05, Floor = 1/4
4.79, 7.77, 7.52, 200, 0.032367764577445717, BAT SlipP = 0.05, Floor = 1/4
4.48, 5.58, 5.68, 200, 0.016235839296845685, BAT SlipP = 0.05, Floor = 1/4
1.24, 1.70, 1.67, 200, 0.014956784251302094, BAT SlipP = 0.05, Floor = 1/4
1.07, 1.52, 1.49, 200, 0.019712326589370714, BAT SlipP = 0.05, Floor = 1/4
2.54, 3.55, 3.33, 200, 0.06099103015954687, BAT SlipP = 0.05, Floor = 1/4
1.11, 1.39, 1.40, 200, 0.009945948404579803, BAT SlipP = 0.05, Floor = 1/4
3.08, 3.95, 3.97, 200, 0.005016862859806168, BAT SlipP = 0.05, Floor = 1/4
1.57, 2.22, 2.26, 200, 0.017883032809673034, BAT SlipP = 0.05, Floor = 1/4
3.34, 4.97, 4.88, 200, 0.018579702295429632, BAT SlipP = 0.05, Floor = 1/4
0.85, 1.19, 1.19, 200, 0.004733608365575403, BAT SlipP = 0.05, Floor = 1/4
0.68, 0.78, 0.78, 200, 0.006642960490112835, BAT SlipP = 0.05, Floor = 1/4
1.97, 3.00, 2.86, 200, 0.04519243964619704, BAT SlipP = 0.05, Floor = 1/4
0.50, 0.82, 0.82, 200, 0.004882474435676631, BAT SlipP = 0.05, Floor = 1/4
5.13, 6.64, 6.53, 200, 0.0166340857142368, BAT SlipP = 0.05, Floor = 1/4
1.44, 1.83, 1.81, 200, 0.010317909295044156, BAT SlipP = 0.05, Floor = 1/4
1.76, 2.14, 2.16, 200, 0.008764387395267059, BAT SlipP = 0.05, Floor = 1/4
4.35, 5.50, 5.74, 200, 0.04479139739355162, BAT SlipP = 0.05, Floor = 1/4
6.83, 6.98, 7.01, 200, 0.0044433695104341975, BAT SlipP = 0.05, Floor = 1/4
0.37, 0.60, 0.62, 200, 0.029597104051019108, BAT SlipP = 0.05, Floor = 1/4
6.30, 9.88, 9.95, 200, 0.007762306246922344, BAT SlipP = 0.05, Floor = 1/4
3.35, 5.11, 4.98, 200, 0.025949854620735745, BAT SlipP = 0.05, Floor = 1/4
0.67, 1.08, 1.06, 200, 0.022392872575641726, BAT SlipP = 0.05, Floor = 1/4
3.93, 5.81, 5.57, 200, 0.041536359127977374, BAT SlipP = 0.05, Floor = 1/4
0.89, 1.21, 1.19, 200, 0.016417994605939637, BAT SlipP = 0.05, Floor = 1/4
0.53, 0.73, 0.74, 200, 0.008265893987223662, BAT SlipP = 0.05, Floor = 1/4
0.63, 0.87, 0.85, 200, 0.024301103288164615, BAT SlipP = 0.05, Floor = 1/4
0.87, 1.06, 1.03, 200, 0.026226398757780486, BAT SlipP = 0.05, Floor = 1/4
5.51, 8.49, 8.59, 200, 0.011767606674380598, BAT SlipP = 0.05, Floor = 1/4
1.58, 2.32, 2.36, 200, 0.016560196868799316, BAT SlipP = 0.05, Floor = 1/4
0.54, 0.66, 0.65, 200, 0.0054019155710274365, BAT SlipP = 0.05, Floor = 1/4
2.08, 3.45, 3.42, 200, 0.009939798064553652, BAT SlipP = 0.05, Floor = 1/4
3.44, 5.05, 5.13, 200, 0.014799817476526738, BAT SlipP = 0.05, Floor = 1/4
0.39, 0.58, 0.56, 200, 0.03464746453393237, BAT SlipP = 0.05, Floor = 1/4
1.75, 2.67, 2.64, 200, 0.011685141587146392, BAT SlipP = 0.05, Floor = 1/4
1.63, 2.29, 2.26, 200, 0.013019302904991715, BAT SlipP = 0.05, Floor = 1/4
0.58, 0.80, 0.79, 200, 0.0058637439871448045, BAT SlipP = 0.05, Floor = 1/4
5.34, 6.85, 6.73, 200, 0.017779901629332056, BAT SlipP = 0.05, Floor = 1/4
0.66, 1.01, 0.98, 200, 0.02897427422538834, BAT SlipP = 0.05, Floor = 1/4
1.38, 1.89, 1.90, 200, 0.0012082691546068626, BAT SlipP = 0.05, Floor = 1/4
1.11, 1.29, 1.29, 200, 0.006956316830267191, BAT SlipP = 0.05, Floor = 1/4
2.30, 2.87, 2.92, 200, 0.020246943870249123, BAT SlipP = 0.05, Floor = 1/4
0.65, 0.96, 0.92, 200, 0.04350336838466659, BAT SlipP = 0.05, Floor = 1/4
2.68, 3.31, 3.37, 200, 0.01519423032448542, BAT SlipP = 0.05, Floor = 1/4
1.20, 1.33, 1.35, 200, 0.015456067430607286, BAT SlipP = 0.05, Floor = 1/4
0.48, 0.79, 0.76, 200, 0.04117390073940788, BAT SlipP = 0.05, Floor = 1/4
3.20, 4.82, 4.61, 200, 0.04379166826445181, BAT SlipP = 0.05, Floor = 1/4
1.72, 2.36, 2.30, 200, 0.02499328812024781, BAT SlipP = 0.05, Floor = 1/4
2.19, 3.34, 3.10, 200, 0.07119904851340751, BAT SlipP = 0.05, Floor = 1/4
1.72, 2.43, 2.43, 200, 0.0022842259271917387, BAT SlipP = 0.05, Floor = 1/4
5.00, 6.36, 6.62, 200, 0.04172429169549812, BAT SlipP = 0.05, Floor = 1/4
0.76, 1.00, 0.97, 200, 0.03322862890656256, BAT SlipP = 0.05, Floor = 1/4
4.26, 4.40, 4.38, 200, 0.00472366255338655, BAT SlipP = 0.05, Floor = 1/4
2.57, 4.30, 4.30, 200, 0.00015320291830782227, BAT SlipP = 0.05, Floor = 1/4
1.29, 1.73, 1.75, 200, 0.006782826618436498, BAT SlipP = 0.05, Floor = 1/4
2.35, 3.02, 3.09, 200, 0.02348736676887876, BAT SlipP = 0.05, Floor = 1/4
0.70, 1.10, 1.04, 200, 0.05857032330393939, BAT SlipP = 0.05, Floor = 1/4
1.64, 1.89, 1.91, 200, 0.010027275205309013, BAT SlipP = 0.05, Floor = 1/4
1.26, 1.41, 1.40, 200, 0.0051437276034731905, BAT SlipP = 0.05, Floor = 1/4
0.61, 0.90, 0.93, 200, 0.03123645744185407, BAT SlipP = 0.05, Floor = 1/4
6.87, 7.88, 8.13, 200, 0.03165144358375591, BAT SlipP = 0.05, Floor = 1/4
0.64, 0.87, 0.85, 200, 0.025742673780559625, BAT SlipP = 0.05, Floor = 1/4
3.44, 5.01, 4.79, 200, 0.044073873665506205, BAT SlipP = 0.05, Floor = 1/4
2.42, 3.68, 3.61, 200, 0.016702513751225008, BAT SlipP = 0.05, Floor = 1/4
2.30, 2.95, 2.87, 200, 0.027778171326561706, BAT SlipP = 0.05, Floor = 1/4
0.89, 1.34, 1.30, 200, 0.02819782570106524, BAT SlipP = 0.05, Floor = 1/4
1.59, 2.01, 2.05, 200, 0.01719618345786723, BAT SlipP = 0.05, Floor = 1/4
3.78, 4.90, 4.86, 200, 0.008169234628027012, BAT SlipP = 0.05, Floor = 1/4
0.66, 1.01, 1.01, 200, 0.0016350734270413766, BAT SlipP = 0.05, Floor = 1/4
6.35, 9.60, 9.84, 200, 0.02537003005291383, BAT SlipP = 0.05, Floor = 1/4
1.17, 1.51, 1.52, 200, 0.011586341384841466, BAT SlipP = 0.05, Floor = 1/4
1.37, 1.78, 1.74, 200, 0.022620820052033554, BAT SlipP = 0.05, Floor = 1/4
3.04, 4.76, 4.63, 200, 0.025795955535589946, BAT SlipP = 0.05, Floor = 1/4
5.70, 8.70, 8.81, 200, 0.013256143107463847, BAT SlipP = 0.05, Floor = 1/4
0.54, 0.85, 0.87, 200, 0.023283922006607567, BAT SlipP = 0.05, Floor = 1/4
1.49, 2.30, 2.32, 200, 0.005462838623137179, BAT SlipP = 0.05, Floor = 1/4
0.85, 1.23, 1.25, 200, 0.01671008844457929, BAT SlipP = 0.05, Floor = 1/4
4.04, 4.83, 4.83, 200, 0.0005034461625954761, BAT SlipP = 0.05, Floor = 1/4
5.08, 6.88, 7.10, 200, 0.031640712203374534, BAT SlipP = 0.05, Floor = 1/4
0.91, 1.44, 1.30, 200, 0.09827216104740177, BAT SlipP = 0.05, Floor = 1/4
2.63, 3.40, 3.32, 200, 0.024116796919930388, BAT SlipP = 0.05, Floor = 1/4
3.43, 5.37, 5.51, 200, 0.02593948062324757, BAT SlipP = 0.05, Floor = 1/4
5.66, 8.92, 8.87, 200, 0.0055064512757164365, BAT SlipP = 0.05, Floor = 1/4
3.27, 4.59, 4.57, 200, 0.004524948161561345, BAT SlipP = 0.05, Floor = 1/4
1.28, 1.42, 1.41, 200, 0.007598387462470919, BAT SlipP = 0.05, Floor = 1/4
0.76, 1.17, 1.08, 200, 0.07680967925652227, BAT SlipP = 0.05, Floor = 1/4
5.79, 8.71, 8.55, 200, 0.01872258568457036, BAT SlipP = 0.05, Floor = 1/4
0.69, 0.96, 1.05, 200, 0.09158126777310571, BAT SlipP = 0.05, Floor = 1/4
6.86, 9.03, 8.97, 200, 0.006319927128248547, BAT SlipP = 0.05, Floor = 1/4
1.77, 2.35, 2.34, 200, 0.003107984216564729, BAT SlipP = 0.05, Floor = 1/4
5.25, 7.32, 7.57, 200, 0.033479526542236675, BAT SlipP = 0.05, Floor = 1/4
0.69, 1.00, 0.95, 200, 0.050171200788709035, BAT SlipP = 0.05, Floor = 1/4
2.92, 4.58, 4.34, 200, 0.053048493239807405, BAT SlipP = 0.05, Floor = 1/4
1.44, 2.25, 2.16, 200, 0.040066571912245275, BAT SlipP = 0.05, Floor = 1/4
1.44, 1.95, 2.00, 200, 0.024805878430204154, BAT SlipP = 0.05, Floor = 1/4
3.36, 5.18, 5.47, 200, 0.05538348904014092, BAT SlipP = 0.05, Floor = 1/4
4.83, 6.97, 7.24, 200, 0.039935554606686616, BAT SlipP = 0.05, Floor = 1/4
2.23, 2.97, 2.97, 200, 0.0020324157568932825, BAT SlipP = 0.05, Floor = 1/4
1.42, 2.21, 2.01, 200, 0.0925171340729875, BAT SlipP = 0.05, Floor = 1/4
1.92, 2.58, 2.61, 200, 0.01126151277182392, BAT SlipP = 0.05, Floor = 1/4
2.44, 3.01, 3.07, 200, 0.019135065863772813, BAT SlipP = 0.05, Floor = 1/4
0.39, 0.52, 0.51, 200, 0.014469584631478427, BAT SlipP = 0.05, Floor = 1/4
8.17, 9.17, 9.10, 200, 0.007717755017828235, BAT SlipP = 0.05, Floor = 1/4
4.46, 7.21, 7.14, 200, 0.008794792936917572, BAT SlipP = 0.05, Floor = 1/4
1.43, 2.04, 2.15, 200, 0.05453606743828723, BAT SlipP = 0.05, Floor = 1/4
2.87, 2.98, 3.02, 200, 0.014975404047593734, BAT SlipP = 0.05, Floor = 1/4
2.47, 3.70, 3.66, 200, 0.009027799887870188, BAT SlipP = 0.05, Floor = 1/4
1.83, 2.37, 2.29, 200, 0.035203469623447455, BAT SlipP = 0.05, Floor = 1/4
3.62, 4.62, 4.75, 200, 0.029403117428509193, BAT SlipP = 0.05, Floor = 1/4
2.34, 3.30, 3.28, 200, 0.00643801043360283, BAT SlipP = 0.05, Floor = 1/4
1.43, 1.84, 1.85, 200, 0.004813741806394429, BAT SlipP = 0.05, Floor = 1/4
3.55, 4.97, 4.83, 200, 0.028576080674369116, BAT SlipP = 0.05, Floor = 1/4
5.19, 8.27, 8.30, 200, 0.0038864425078980807, BAT SlipP = 0.05, Floor = 1/4
2.52, 3.08, 3.10, 200, 0.006700251754882263, BAT SlipP = 0.05, Floor = 1/4
2.21, 3.41, 3.47, 200, 0.0178798447419609, BAT SlipP = 0.05, Floor = 1/4
1.63, 2.36, 2.33, 200, 0.015115574488771438, BAT SlipP = 0.05, Floor = 1/4
5.64, 8.81, 8.45, 200, 0.040892178813867607, BAT SlipP = 0.05, Floor = 1/4
0.47, 0.61, 0.62, 200, 0.007898421921418236, BAT SlipP = 0.05, Floor = 1/4
0.40, 0.55, 0.54, 200, 0.02953568618535781, BAT SlipP = 0.05, Floor = 1/4
5.21, 8.96, 9.16, 200, 0.022690558761757757, BAT SlipP = 0.05, Floor = 1/4
1.58, 2.28, 2.17, 200, 0.04850565984925426, BAT SlipP = 0.05, Floor = 1/4
2.31, 3.57, 3.63, 200, 0.01802101177000963, BAT SlipP = 0.05, Floor = 1/4
3.06, 4.95, 4.90, 200, 0.010910648774932238, BAT SlipP = 0.05, Floor = 1/4
0.68, 0.92, 0.95, 200, 0.031509590730731195, BAT SlipP = 0.05, Floor = 1/4
0.61, 0.72, 0.73, 200, 0.009944601059671192, BAT SlipP = 0.05, Floor = 1/4
4.79, 5.21, 5.16, 200, 0.008912296565688295, BAT SlipP = 0.05, Floor = 1/4
2.75, 3.65, 3.65, 200, 0.00021945159398599313, BAT SlipP = 0.05, Floor = 1/4
0.78, 1.14, 1.18, 200, 0.03704942940455717, BAT SlipP = 0.05, Floor = 1/4
1.82, 2.96, 2.80, 200, 0.05450858801178938, BAT SlipP = 0.05, Floor = 1/4
4.26, 5.71, 5.69, 200, 0.0035836615408554595, BAT SlipP = 0.05, Floor = 1/4
3.49, 4.56, 4.61, 200, 0.01141592611804033, BAT SlipP = 0.05, Floor = 1/4
0.84, 1.00, 0.97, 200, 0.037802124417218204, BAT SlipP = 0.05, Floor = 1/4
5.43, 8.44, 8.61, 200, 0.020220302829465756, BAT SlipP = 0.05, Floor = 1/4
2.41, 3.44, 3.36, 200, 0.024355027487068154, BAT SlipP = 0.05, Floor = 1/4
1.42, 2.35, 2.34, 200, 0.002172961938792923, BAT SlipP = 0.05, Floor = 1/4
1.22, 1.79, 1.70, 200, 0.05277032852040586, BAT SlipP = 0.05, Floor = 1/4
1.84, 2.29, 2.26, 200, 0.013035603843411838, BAT SlipP = 0.05, Floor = 1/4
8.55, 8.85, 8.83, 200, 0.0022860305250241636, BAT SlipP = 0.05, Floor = 1/4
0.47, 0.61, 0.60, 200, 0.011168664878095924, BAT SlipP = 0.05, Floor = 1/4
1.12, 1.40, 1.37, 200, 0.02179750911485511, BAT SlipP = 0.05, Floor = 1/4
1.88, 2.59, 2.65, 200, 0.026177771793215333, BAT SlipP = 0.05, Floor = 1/4
0.98, 1.25, 1.28, 200, 0.01717297684649903, BAT SlipP = 0.05, Floor = 1/4
1.07, 1.12, 1.11, 200, 0.009010592087532975, BAT SlipP = 0.05, Floor = 1/4
5.63, 7.22, 7.29, 200, 0.0097786502698175, BAT SlipP = 0.05, Floor = 1/4
1.01, 1.52, 1.53, 200, 0.006820469615219776, BAT SlipP = 0.05, Floor = 1/4
6.29, 9.45, 9.38, 200, 0.00833600623705458, BAT SlipP = 0.05, Floor = 1/4
1.62, 2.32, 2.26, 200, 0.024485725975767775, BAT SlipP = 0.05, Floor = 1/4
1.83, 2.21, 2.33, 200, 0.05503059843891733, BAT SlipP = 0.05, Floor = 1/4
3.05, 3.90, 3.78, 200, 0.029903491024084506, BAT SlipP = 0.05, Floor = 1/4
1.04, 1.42, 1.37, 200, 0.034960123532185874, BAT SlipP = 0.05, Floor = 1/4
0.68, 0.95, 0.93, 200, 0.02510109803198238, BAT SlipP = 0.05, Floor = 1/4
0.74, 1.04, 1.04, 200, 0.0038818282198984687, BAT SlipP = 0.05, Floor = 1/4
2.92, 5.03, 5.04, 200, 0.0007395298960231692, BAT SlipP = 0.05, Floor = 1/4
1.66, 2.63, 2.65, 200, 0.008502378519001, BAT SlipP = 0.05, Floor = 1/4
2.48, 3.35, 3.33, 200, 0.004746200186713717, BAT SlipP = 0.05, Floor = 1/4
7.10, 9.54, 9.46, 200, 0.00843648474330452, BAT SlipP = 0.05, Floor = 1/4
0.69, 0.83, 0.83, 200, 0.0008711255451682355, BAT SlipP = 0.05, Floor = 1/4
1.43, 1.63, 1.60, 200, 0.020717272509242563, BAT SlipP = 0.05, Floor = 1/4
0.77, 0.97, 0.96, 200, 0.011076013180644776, BAT SlipP = 0.05, Floor = 1/4
3.13, 5.01, 4.54, 200, 0.09355960754507164, BAT SlipP = 0.05, Floor = 1/4
1.04, 1.46, 1.46, 200, 0.0005206037164781007, BAT SlipP = 0.05, Floor = 1/4
4.04, 6.04, 5.82, 200, 0.036887688226285846, BAT SlipP = 0.05, Floor = 1/4
2.16, 3.34, 3.30, 200, 0.012544932559297894, BAT SlipP = 0.05, Floor = 1/4
2.89, 3.12, 3.13, 200, 0.002956970774350919, BAT SlipP = 0.05, Floor = 1/4
1.16, 1.66, 1.67, 200, 0.006076987326423364, BAT SlipP = 0.05, Floor = 1/4
0.82, 1.11, 1.09, 200, 0.02239348897520691, BAT SlipP = 0.05, Floor = 1/4
3.38, 5.46, 5.20, 200, 0.04818488602521883, BAT SlipP = 0.05, Floor = 1/4
1.54, 2.33, 2.47, 200, 0.06294152117743332, BAT SlipP = 0.05, Floor = 1/4
0.92, 1.25, 1.29, 200, 0.03179338485625527, BAT SlipP = 0.05, Floor = 1/4
0.92, 1.12, 1.10, 200, 0.01662711307027336, BAT SlipP = 0.05, Floor = 1/4
5.81, 8.87, 8.71, 200, 0.01859149563275879, BAT SlipP = 0.05, Floor = 1/4
2.31, 3.87, 3.96, 200, 0.024221293975256842, BAT SlipP = 0.05, Floor = 1/4
0.92, 1.38, 1.37, 200, 0.009729954162459972, BAT SlipP = 0.05, Floor = 1/4
1.04, 1.61, 1.62, 200, 0.002024904609554757, BAT SlipP = 0.05, Floor = 1/4
1.38, 1.84, 1.76, 200, 0.04472672094479902, BAT SlipP = 0.05, Floor = 1/4
1.50, 1.88, 1.90, 200, 0.011467564336941424, BAT SlipP = 0.05, Floor = 1/4
0.37, 0.62, 0.65, 200, 0.05766475995799614, BAT SlipP = 0.05, Floor = 1/4
1.27, 1.66, 1.63, 200, 0.013277985283357538, BAT SlipP = 0.05, Floor = 1/4
1.01, 1.38, 1.37, 200, 0.008128311192815344, BAT SlipP = 0.05, Floor = 1/4
1.84, 1.91, 1.90, 200, 0.0023715559577242888, BAT SlipP = 0.05, Floor = 1/4
1.46, 2.39, 2.37, 200, 0.009360058355326259, BAT SlipP = 0.05, Floor = 1/4
7.34, 9.98, 9.89, 200, 0.009006963659919456, BAT SlipP = 0.05, Floor = 1/4
5.15, 7.41, 7.82, 200, 0.05496121019726953, BAT SlipP = 0.05, Floor = 1/4
0.72, 1.27, 1.30, 200, 0.026448698512149222, BAT SlipP = 0.05, Floor = 1/4
1.01, 1.59, 1.66, 200, 0.0428200530366516, BAT SlipP = 0.05, Floor = 1/4
1.82, 2.92, 2.87, 200, 0.017618868528533622, BAT SlipP = 0.05, Floor = 1/4
2.00, 2.18, 2.13, 200, 0.023382782837024198, BAT SlipP = 0.05, Floor = 1/4
0.95, 1.24, 1.24, 200, 0.00029708832176269655, BAT SlipP = 0.05, Floor = 1/4
1.59, 2.64, 2.92, 200, 0.10682771679807515, BAT SlipP = 0.05, Floor = 1/4
0.75, 1.09, 1.06, 200, 0.029844870331237325, BAT SlipP = 0.05, Floor = 1/4
1.63, 1.94, 1.98, 200, 0.020165057042785928, BAT SlipP = 0.05, Floor = 1/4
2.47, 3.89, 3.78, 200, 0.026091335187270873, BAT SlipP = 0.05, Floor = 1/4
1.50, 2.11, 2.20, 200, 0.04366763332752109, BAT SlipP = 0.05, Floor = 1/4
2.25, 3.72, 3.72, 200, 0.002138036776232849, BAT SlipP = 0.05, Floor = 1/4
2.49, 3.28, 3.25, 200, 0.007409441320083095, BAT SlipP = 0.05, Floor = 1/4
5.50, 7.01, 7.08, 200, 0.010610306657493736, BAT SlipP = 0.05, Floor = 1/4
5.97, 7.71, 7.57, 200, 0.01807603473507144, BAT SlipP = 0.05, Floor = 1/4
5.69, 8.92, 9.20, 200, 0.03160546076594589, BAT SlipP = 0.05, Floor = 1/4
2.09, 3.01, 3.05, 200, 0.015237277824585118, BAT SlipP = 0.05, Floor = 1/4
0.40, 0.54, 0.53, 200, 0.01994543784374749, BAT SlipP = 0.05, Floor = 1/4
6.40, 9.13, 9.23, 200, 0.010652572438260411, BAT SlipP = 0.05, Floor = 1/4
1.07, 1.57, 1.56, 200, 0.00894019234427179, BAT SlipP = 0.05, Floor = 1/4
1.65, 2.18, 2.09, 200, 0.03869522285026535, BAT SlipP = 0.05, Floor = 1/4
1.30, 1.90, 1.94, 200, 0.018602620209249538, BAT SlipP = 0.05, Floor = 1/4
1.56, 1.89, 1.87, 200, 0.00809639762915604, BAT SlipP = 0.05, Floor = 1/4
1.17, 1.57, 1.61, 200, 0.027461907860495446, BAT SlipP = 0.05, Floor = 1/4
0.65, 0.71, 0.70, 200, 0.0054313598160843374, BAT SlipP = 0.05, Floor = 1/4
2.06, 2.98, 2.95, 200, 0.00961848589750253, BAT SlipP = 0.05, Floor = 1/4
8.52, 9.81, 9.89, 200, 0.007489109464154547, BAT SlipP = 0.05, Floor = 1/4
0.43, 0.60, 0.63, 200, 0.043029160650577984, BAT SlipP = 0.05, Floor = 1/4
1.38, 2.03, 2.08, 200, 0.025217778763518474, BAT SlipP = 0.05, Floor = 1/4
2.36, 3.72, 3.70, 200, 0.005216325708431408, BAT SlipP = 0.05, Floor = 1/4
2.21, 3.31, 3.39, 200, 0.024560951351615276, BAT SlipP = 0.05, Floor = 1/4
0.55, 0.89, 0.92, 200, 0.035427077366453216, BAT SlipP = 0.05, Floor = 1/4
0.44, 0.61, 0.58, 200, 0.04209459569040145, BAT SlipP = 0.05, Floor = 1/4
6.41, 7.76, 7.93, 200, 0.021136860401558277, BAT SlipP = 0.05, Floor = 1/4
1.80, 2.26, 2.25, 200, 0.0038255156947845713, BAT SlipP = 0.05, Floor = 1/4
0.66, 0.77, 0.78, 200, 0.019821637024295062, BAT SlipP = 0.05, Floor = 1/4
4.81, 7.43, 7.28, 200, 0.020979237776943126, BAT SlipP = 0.05, Floor = 1/4
0.97, 1.58, 1.66, 200, 0.05410274726785635, BAT SlipP = 0.05, Floor = 1/4
0.70, 1.10, 1.10, 200, 0.004260160185991163, BAT SlipP = 0.05, Floor = 1/4
1.42, 1.77, 1.74, 200, 0.013969563363870858, BAT SlipP = 0.05, Floor = 1/4
3.90, 5.18, 5.04, 200, 0.027622935882492632, BAT SlipP = 0.05, Floor = 1/4
1.01, 1.25, 1.27, 200, 0.01633103238006777, BAT SlipP = 0.05, Floor = 1/4
1.83, 2.48, 2.35, 200, 0.05354913290721493, BAT SlipP = 0.05, Floor = 1/4
1.02, 1.59, 1.63, 200, 0.024042064094929285, BAT SlipP = 0.05, Floor = 1/4
0.98, 1.49, 1.51, 200, 0.013817044144099495, BAT SlipP = 0.05, Floor = 1/4
0.56, 0.75, 0.73, 200, 0.017288703401201824, BAT SlipP = 0.05, Floor = 1/4
3.28, 4.34, 4.40, 200, 0.012538342334525667, BAT SlipP = 0.05, Floor = 1/4
2.04, 2.49, 2.41, 200, 0.033475641837812396, BAT SlipP = 0.05, Floor = 1/4
1.97, 2.15, 2.15, 200, 0.0003288811550201045, BAT SlipP = 0.05, Floor = 1/4
1.21, 1.56, 1.58, 200, 0.010503992117848655, BAT SlipP = 0.05, Floor = 1/4
0.55, 0.76, 0.77, 200, 0.007773173491004793, BAT SlipP = 0.05, Floor = 1/4
3.84, 5.39, 5.53, 200, 0.02751703729725565, BAT SlipP = 0.05, Floor = 1/4
1.10, 1.22, 1.21, 200, 0.005907757703610431, BAT SlipP = 0.05, Floor = 1/4
1.14, 1.30, 1.32, 200, 0.011357028100966242, BAT SlipP = 0.05, Floor = 1/4
2.65, 2.70, 2.70, 200, 0.0023593007190273988, BAT SlipP = 0.05, Floor = 1/4
0.47, 0.58, 0.57, 200, 0.014957580119958097, BAT SlipP = 0.05, Floor = 1/4
3.18, 4.27, 4.10, 200, 0.039598923291079, BAT SlipP = 0.05, Floor = 1/4
0.40, 0.63, 0.60, 200, 0.04152744961790981, BAT SlipP = 0.05, Floor = 1/4
2.40, 2.79, 2.81, 200, 0.006626265757090965, BAT SlipP = 0.05, Floor = 1/4
1.47, 2.33, 2.39, 200, 0.025443146156655855, BAT SlipP = 0.05, Floor = 1/4
0.41, 0.53, 0.54, 200, 0.019622497562744135, BAT SlipP = 0.05, Floor = 1/4
3.28, 4.70, 4.69, 200, 0.0015705680096950241, BAT SlipP = 0.05, Floor = 1/4
0.69, 1.01, 0.98, 200, 0.036655396704033213, BAT SlipP = 0.05, Floor = 1/4
1.26, 1.91, 1.88, 200, 0.011439183107206166, BAT SlipP = 0.05, Floor = 1/4
1.45, 2.08, 2.07, 200, 0.004642604937340684, BAT SlipP = 0.05, Floor = 1/4
0.49, 0.70, 0.69, 200, 0.015820566588136888, BAT SlipP = 0.05, Floor = 1/4
1.33, 1.81, 1.72, 200, 0.04803384894840579, BAT SlipP = 0.05, Floor = 1/4
5.78, 9.25, 9.25, 200, 0.00014085036600954573, BAT SlipP = 0.05, Floor = 1/4
4.08, 6.12, 6.08, 200, 0.007086464797119199, BAT SlipP = 0.05, Floor = 1/4
6.10, 8.08, 8.05, 200, 0.003589224454171986, BAT SlipP = 0.05, Floor = 1/4
1.22, 1.52, 1.51, 200, 0.006983799996799704, BAT SlipP = 0.05, Floor = 1/4
0.58, 0.87, 0.87, 200, 0.0003813428558695511, BAT SlipP = 0.05, Floor = 1/4
1.28, 1.76, 1.76, 200, 0.0020373970002877466, BAT SlipP = 0.05, Floor = 1/4
1.73, 2.64, 2.68, 200, 0.014670182119530991, BAT SlipP = 0.05, Floor = 1/4
6.62, 7.73, 7.83, 200, 0.013598041590288277, BAT SlipP = 0.05, Floor = 1/4
0.63, 1.01, 1.05, 200, 0.03691125452355894, BAT SlipP = 0.05, Floor = 1/4
7.60, 9.88, 9.66, 200, 0.02206000027826908, BAT SlipP = 0.05, Floor = 1/4
4.80, 7.05, 7.13, 200, 0.010625553413331929, BAT SlipP = 0.05, Floor = 1/4
1.02, 1.39, 1.40, 200, 0.0103619255947023, BAT SlipP = 0.05, Floor = 1/4
4.90, 6.16, 6.40, 200, 0.03789007414038755, BAT SlipP = 0.05, Floor = 1/4
6.40, 6.73, 6.78, 200, 0.006509438155251348, BAT SlipP = 0.05, Floor = 1/4
2.95, 3.81, 3.83, 200, 0.003972819445906811, BAT SlipP = 0.05, Floor = 1/4
5.31, 8.38, 8.95, 200, 0.06848979492952013, BAT SlipP = 0.05, Floor = 1/4
2.86, 3.43, 3.50, 200, 0.021653452019702413, BAT SlipP = 0.05, Floor = 1/4
1.08, 1.65, 1.59, 200, 0.0393315289605631, BAT SlipP = 0.05, Floor = 1/4
1.51, 1.98, 1.94, 200, 0.018000541140246504, BAT SlipP = 0.05, Floor = 1/4
0.97, 1.33, 1.31, 200, 0.016217139737811147, BAT SlipP = 0.05, Floor = 1/4
1.55, 2.56, 2.64, 200, 0.03160370528642619, BAT SlipP = 0.05, Floor = 1/4
5.29, 5.62, 5.61, 200, 0.0020028348963970627, BAT SlipP = 0.05, Floor = 1/4
1.38, 1.89, 1.91, 200, 0.010248610093965748, BAT SlipP = 0.05, Floor = 1/4
1.19, 1.76, 1.84, 200, 0.040840522663629905, BAT SlipP = 0.05, Floor = 1/4
1.52, 2.46, 2.55, 200, 0.03617842717741537, BAT SlipP = 0.05, Floor = 1/4
6.23, 8.08, 8.02, 200, 0.007403503423600428, BAT SlipP = 0.05, Floor = 1/4
6.04, 8.24, 8.05, 200, 0.02247301194146019, BAT SlipP = 0.05, Floor = 1/4
0.70, 0.91, 0.91, 200, 0.0017567701242812673, BAT SlipP = 0.05, Floor = 1/4
1.43, 2.02, 2.07, 200, 0.022509255708535306, BAT SlipP = 0.05, Floor = 1/4
5.42, 7.55, 7.64, 200, 0.012341019663475523, BAT SlipP = 0.05, Floor = 1/4
0.62, 0.96, 0.96, 200, 0.008090526032032763, BAT SlipP = 0.05, Floor = 1/4
0.79, 1.03, 1.01, 200, 0.017991750418203934, BAT SlipP = 0.05, Floor = 1/4
2.12, 3.42, 3.33, 200, 0.028714266396408308, BAT SlipP = 0.05, Floor = 1/4
1.01, 1.08, 1.11, 200, 0.02850013464113633, BAT SlipP = 0.05, Floor = 1/4
1.21, 1.87, 1.80, 200, 0.033509332529371647, BAT SlipP = 0.05, Floor = 1/4
0.46, 0.56, 0.56, 200, 0.002388459176115308, BAT SlipP = 0.05, Floor = 1/4
2.17, 3.44, 3.38, 200, 0.018427457123951583, BAT SlipP = 0.05, Floor = 1/4
0.62, 0.71, 0.71, 200, 0.013056751491553512, BAT SlipP = 0.05, Floor = 1/4
1.19, 1.67, 1.71, 200, 0.027051897013529166, BAT SlipP = 0.05, Floor = 1/4
5.77, 9.19, 9.18, 200, 0.0007175499191547759, BAT SlipP = 0.05, Floor = 1/4
2.15, 2.54, 2.52, 200, 0.007348686291499799, BAT SlipP = 0.05, Floor = 1/4
1.95, 2.33, 2.29, 200, 0.01794548486277133, BAT SlipP = 0.05, Floor = 1/4
1.16, 1.71, 1.74, 200, 0.019767899388151773, BAT SlipP = 0.05, Floor = 1/4
0.83, 0.93, 0.94, 200, 0.016309129183559867, BAT SlipP = 0.05, Floor = 1/4
2.56, 2.93, 2.88, 200, 0.019604080800714505, BAT SlipP = 0.05, Floor = 1/4
2.52, 2.71, 2.72, 200, 0.004009484986106035, BAT SlipP = 0.05, Floor = 1/4
0.40, 0.60, 0.61, 200, 0.013118018811903397, BAT SlipP = 0.05, Floor = 1/4
1.16, 1.64, 1.63, 200, 0.011536261428079626, BAT SlipP = 0.05, Floor = 1/4
0.88, 1.17, 1.19, 200, 0.015927326826040835, BAT SlipP = 0.05, Floor = 1/4
1.71, 2.74, 2.92, 200, 0.06644384901207766, BAT SlipP = 0.05, Floor = 1/4
3.07, 4.21, 4.20, 200, 0.0018833282663579616, BAT SlipP = 0.05, Floor = 1/4
7.19, 9.39, 9.38, 200, 0.0020358917461183366, BAT SlipP = 0.05, Floor = 1/4
3.28, 4.67, 5.05, 200, 0.07998029986611524, BAT SlipP = 0.05, Floor = 1/4
0.93, 1.45, 1.47, 200, 0.012984534735321296, BAT SlipP = 0.05, Floor = 1/4
2.25, 2.94, 2.99, 200, 0.01556760771173741, BAT SlipP = 0.05, Floor = 1/4
0.98, 1.45, 1.40, 200, 0.03560982003258723, BAT SlipP = 0.05, Floor = 1/4
2.20, 2.87, 2.82, 200, 0.014278730945388495, BAT SlipP = 0.05, Floor = 1/4
1.06, 1.07, 1.07, 200, 0.002420805745796134, BAT SlipP = 0.05, Floor = 1/4
3.86, 4.90, 4.84, 200, 0.012421798919636786, BAT SlipP = 0.05, Floor = 1/4
2.08, 3.29, 3.61, 200, 0.09968254878960263, BAT SlipP = 0.05, Floor = 1/4
1.26, 2.01, 1.98, 200, 0.011903875449616753, BAT SlipP = 0.05, Floor = 1/4
1.62, 1.78, 1.78, 200, 0.002485801458147113, BAT SlipP = 0.05, Floor = 1/4
2.61, 2.92, 2.92, 200, 3.985408764166774e-05, BAT SlipP = 0.05, Floor = 1/4
0.70, 1.04, 1.04, 200, 0.005411992802051427, BAT SlipP = 0.05, Floor = 1/4
1.20, 1.53, 1.56, 200, 0.019304937092846027, BAT SlipP = 0.05, Floor = 1/4
1.67, 2.52, 2.47, 200, 0.019654217813748973, BAT SlipP = 0.05, Floor = 1/4
0.53, 0.74, 0.76, 200, 0.026167230521948588, BAT SlipP = 0.05, Floor = 1/4
4.82, 5.04, 5.07, 200, 0.006047926724093309, BAT SlipP = 0.05, Floor = 1/4
1.34, 2.08, 2.04, 200, 0.018449036003024583, BAT SlipP = 0.05, Floor = 1/4
1.76, 2.20, 2.30, 200, 0.04671329106000151, BAT SlipP = 0.05, Floor = 1/4
2.46, 2.64, 2.67, 200, 0.01276881754205654, BAT SlipP = 0.05, Floor = 1/4
1.97, 3.00, 3.05, 200, 0.01674536526597557, BAT SlipP = 0.05, Floor = 1/4
1.55, 1.90, 1.89, 200, 0.00867319013556962, BAT SlipP = 0.05, Floor = 1/4
5.92, 7.88, 7.64, 200, 0.03125779672754056, BAT SlipP = 0.05, Floor = 1/4
1.36, 2.18, 2.12, 200, 0.028434321225220677, BAT SlipP = 0.05, Floor = 1/4
3.64, 5.79, 5.87, 200, 0.01421622374832686, BAT SlipP = 0.05, Floor = 1/4
1.56, 2.38, 2.32, 200, 0.025360229953659153, BAT SlipP = 0.05, Floor = 1/4
1.41, 2.02, 2.06, 200, 0.01732137821043879, BAT SlipP = 0.05, Floor = 1/4
2.35, 3.43, 3.40, 200, 0.008267238430252113, BAT SlipP = 0.05, Floor = 1/4
0.93, 1.32, 1.37, 200, 0.037981841384061014, BAT SlipP = 0.05, Floor = 1/4
2.15, 2.35, 2.34, 200, 0.006292773175988913, BAT SlipP = 0.05, Floor = 1/4
4.29, 6.74, 6.93, 200, 0.028491135968063335, BAT SlipP = 0.05, Floor = 1/4
1.38, 1.82, 1.82, 200, 0.0035165216818177983, BAT SlipP = 0.05, Floor = 1/4
3.66, 4.16, 4.06, 200, 0.025115256729399082, BAT SlipP = 0.05, Floor = 1/4
6.31, 8.10, 8.04, 200, 0.00843598187873384, BAT SlipP = 0.05, Floor = 1/4
1.18, 1.25, 1.24, 200, 0.0035390161870674517, BAT SlipP = 0.05, Floor = 1/4
4.22, 6.00, 6.43, 200, 0.0709203369307234, BAT SlipP = 0.05, Floor = 1/4
0.84, 1.49, 1.50, 200, 0.006786567013245623, BAT SlipP = 0.05, Floor = 1/4
0.44, 0.58, 0.59, 200, 0.01818883928082952, BAT SlipP = 0.05, Floor = 1/4
5.28, 6.76, 6.68, 200, 0.011083643152728005, BAT SlipP = 0.05, Floor = 1/4
0.54, 0.74, 0.70, 200, 0.04251599746336182, BAT SlipP = 0.05, Floor = 1/4
1.15, 1.72, 1.75, 200, 0.01899166637168181, BAT SlipP = 0.05, Floor = 1/4
2.62, 3.02, 2.98, 200, 0.01482593912999641, BAT SlipP = 0.05, Floor = 1/4
1.17, 1.90, 1.95, 200, 0.02571523942505509, BAT SlipP = 0.05, Floor = 1/4
1.17, 1.65, 1.61, 200, 0.02735994937552563, BAT SlipP = 0.05, Floor = 1/4
4.67, 5.56, 5.66, 200, 0.017810612056471595, BAT SlipP = 0.05, Floor = 1/4
1.10, 1.52, 1.58, 200, 0.03705630101183837, BAT SlipP = 0.05, Floor = 1/4
0.41, 0.54, 0.52, 200, 0.037357528588607546, BAT SlipP = 0.05, Floor = 1/4
1.93, 2.07, 2.09, 200, 0.01181708728341689, BAT SlipP = 0.05, Floor = 1/4
3.10, 5.10, 5.09, 200, 0.0004058257502509912, BAT SlipP = 0.05, Floor = 1/4
0.88, 1.09, 1.09, 200, 0.00039628098731144353, BAT SlipP = 0.05, Floor = 1/4
0.96, 1.24, 1.25, 200, 0.011302578108361168, BAT SlipP = 0.05, Floor = 1/4
2.07, 2.89, 2.94, 200, 0.014972126442941635, BAT SlipP = 0.05, Floor = 1/4
1.99, 2.60, 2.66, 200, 0.023591657020672067, BAT SlipP = 0.05, Floor = 1/4
0.38, 0.54, 0.55, 200, 0.00919722568491664, BAT SlipP = 0.05, Floor = 1/4
1.04, 1.71, 1.69, 200, 0.015974700369283695, BAT SlipP = 0.05, Floor = 1/4
0.96, 1.21, 1.21, 200, 0.0015436059084166956, BAT SlipP = 0.05, Floor = 1/4
1.75, 2.36, 2.40, 200, 0.015788797131299253, BAT SlipP = 0.05, Floor = 1/4
1.74, 2.35, 2.32, 200, 0.01409395916973613, BAT SlipP = 0.05, Floor = 1/4
2.33, 2.99, 2.91, 200, 0.0248878817173332, BAT SlipP = 0.05, Floor = 1/4
1.19, 1.60, 1.68, 200, 0.04903267764355594, BAT SlipP = 0.05, Floor = 1/4
4.33, 6.04, 6.24, 200, 0.03270089434536896, BAT SlipP = 0.05, Floor = 1/4
0.85, 1.08, 1.07, 200, 0.0018034368121365566, BAT SlipP = 0.05, Floor = 1/4
0.48, 0.64, 0.65, 200, 0.022958163996650915, BAT SlipP = 0.05, Floor = 1/4
6.10, 8.37, 7.93, 200, 0.05284994324607718, BAT SlipP = 0.05, Floor = 1/4
3.97, 4.57, 4.52, 200, 0.011289966008648962, BAT SlipP = 0.05, Floor = 1/4
1.89, 2.95, 2.90, 200, 0.014743511177537607, BAT SlipP = 0.05, Floor = 1/4
3.35, 4.52, 4.49, 200, 0.007699076646495439, BAT SlipP = 0.05, Floor = 1/4
1.58, 1.69, 1.72, 200, 0.017208818691435677, BAT SlipP = 0.05, Floor = 1/4
4.36, 5.25, 5.28, 200, 0.006904179679600775, BAT SlipP = 0.05, Floor = 1/4
6.10, 8.94, 8.55, 200, 0.043379127557343175, BAT SlipP = 0.05, Floor = 1/4
0.73, 1.08, 1.07, 200, 0.00959726992787091, BAT SlipP = 0.05, Floor = 1/4
0.37, 0.54, 0.52, 200, 0.0431959423633832, BAT SlipP = 0.05, Floor = 1/4
1.26, 1.39, 1.39, 200, 0.0036562272634237027, BAT SlipP = 0.05, Floor = 1/4
1.65, 2.24, 2.23, 200, 0.004385497460558954, BAT SlipP = 0.05, Floor = 1/4
0.46, 0.65, 0.62, 200, 0.052317288857789884, BAT SlipP = 0.05, Floor = 1/4
1.67, 2.02, 2.16, 200, 0.06967312280418637, BAT SlipP = 0.05, Floor = 1/4
4.68, 6.28, 6.40, 200, 0.018764072023708687, BAT SlipP = 0.05, Floor = 1/4
0.59, 1.00, 0.98, 200, 0.02082572614948251, BAT SlipP = 0.05, Floor = 1/4
6.09, 6.48, 6.46, 200, 0.004233246761631127, BAT SlipP = 0.05, Floor = 1/4
2.51, 3.22, 3.24, 200, 0.007331792722005018, BAT SlipP = 0.05, Floor = 1/4
1.55, 2.12, 2.06, 200, 0.029195532295656832, BAT SlipP = 0.05, Floor = 1/4
4.29, 5.68, 5.66, 200, 0.003936682795523585, BAT SlipP = 0.05, Floor = 1/4
0.83, 1.24, 1.23, 200, 0.0019499235747131162, BAT SlipP = 0.05, Floor = 1/4
0.63, 1.05, 1.06, 200, 0.01631582757475699, BAT SlipP = 0.05, Floor = 1/4
1.79, 2.94, 2.67, 200, 0.08972398122067445, BAT SlipP = 0.05, Floor = 1/4
4.40, 5.57, 6.15, 200, 0.10534127147721989, BAT SlipP = 0.05, Floor = 1/4
2.54, 3.74, 3.70, 200, 0.010396182691711421, BAT SlipP = 0.05, Floor = 1/4
1.09, 1.46, 1.47, 200, 0.004312241355475358, BAT SlipP = 0.05, Floor = 1/4
2.52, 3.61, 3.53, 200, 0.02278218407175967, BAT SlipP = 0.05, Floor = 1/4
1.50, 2.01, 2.00, 200, 0.006045277952804235, BAT SlipP = 0.05, Floor = 1/4
3.62, 4.44, 4.56, 200, 0.026598520935321304, BAT SlipP = 0.05, Floor = 1/4
2.90, 4.26, 4.30, 200, 0.00715526907275507, BAT SlipP = 0.05, Floor = 1/4
1.41, 2.20, 2.20, 200, 0.002410376095189868, BAT SlipP = 0.05, Floor = 1/4
0.54, 0.84, 0.87, 200, 0.040693856926686894, BAT SlipP = 0.05, Floor = 1/4
2.26, 3.10, 3.18, 200, 0.027680091245031416, BAT SlipP = 0.05, Floor = 1/4
1.50, 1.83, 1.87, 200, 0.018981129942898134, BAT SlipP = 0.05, Floor = 1/4
0.58, 0.66, 0.64, 200, 0.01861866631605388, BAT SlipP = 0.05, Floor = 1/4
0.34, 0.55, 0.55, 200, 0.0028362420422109523, BAT SlipP = 0.05, Floor = 1/4
4.66, 5.63, 5.66, 200, 0.0061704053166181895, BAT SlipP = 0.05, Floor = 1/4
2.15, 3.48, 3.27, 200, 0.06247500251478961, BAT SlipP = 0.05, Floor = 1/4
3.62, 5.02, 4.97, 200, 0.010379343836193152, BAT SlipP = 0.05, Floor = 1/4
0.66, 1.04, 1.00, 200, 0.036911620967564125, BAT SlipP = 0.05, Floor = 1/4
0.69, 0.94, 0.91, 200, 0.03558846184321249, BAT SlipP = 0.05, Floor = 1/4
5.86, 8.70, 8.15, 200, 0.06351876367758622, BAT SlipP = 0.05, Floor = 1/4
2.12, 3.24, 3.45, 200, 0.06366828677070722, BAT SlipP = 0.05, Floor = 1/4
2.00, 2.52, 2.61, 200, 0.03582427653179409, BAT SlipP = 0.05, Floor = 1/4
0.96, 1.33, 1.29, 200, 0.029937846891127808, BAT SlipP = 0.05, Floor = 1/4
0.45, 0.60, 0.59, 200, 0.007660716383570068, BAT SlipP = 0.05, Floor = 1/4
1.59, 2.13, 2.11, 200, 0.008564760832281675, BAT SlipP = 0.05, Floor = 1/4
1.93, 2.71, 2.72, 200, 0.003409275867101509, BAT SlipP = 0.05, Floor = 1/4
1.66, 1.98, 1.98, 200, 0.00045369081973241126, BAT SlipP = 0.05, Floor = 1/4
0.62, 0.99, 1.02, 200, 0.02992294778169314, BAT SlipP = 0.05, Floor = 1/4
1.36, 1.84, 1.81, 200, 0.017391823017236085, BAT SlipP = 0.05, Floor = 1/4
0.88, 1.48, 1.44, 200, 0.025208343562665506, BAT SlipP = 0.05, Floor = 1/4
0.89, 1.15, 1.17, 200, 0.011568250123890235, BAT SlipP = 0.05, Floor = 1/4
7.07, 9.63, 9.35, 200, 0.028583277140836357, BAT SlipP = 0.05, Floor = 1/4
2.83, 4.28, 4.25, 200, 0.008550073827044733, BAT SlipP = 0.05, Floor = 1/4
0.71, 0.91, 0.90, 200, 0.016790858567403852, BAT SlipP = 0.05, Floor = 1/4
2.70, 3.79, 3.66, 200, 0.035058377527016064, BAT SlipP = 0.05, Floor = 1/4
4.15, 6.27, 6.27, 200, 0.0005065487169595458, BAT SlipP = 0.05, Floor = 1/4
0.99, 1.25, 1.19, 200, 0.051241101009695436, BAT SlipP = 0.05, Floor = 1/4
3.52, 4.46, 4.37, 200, 0.021841354222757656, BAT SlipP = 0.05, Floor = 1/4
2.38, 2.60, 2.62, 200, 0.0057538442042660825, BAT SlipP = 0.05, Floor = 1/4
1.18, 1.44, 1.44, 200, 0.0011317149173712972, BAT SlipP = 0.05, Floor = 1/4
1.99, 2.25, 2.23, 200, 0.010569375377230114, BAT SlipP = 0.05, Floor = 1/4
1.43, 1.85, 1.94, 200, 0.050237804737832424, BAT SlipP = 0.05, Floor = 1/4
0.81, 0.96, 0.98, 200, 0.022239192257361054, BAT SlipP = 0.05, Floor = 1/4
4.15, 5.31, 5.11, 200, 0.03797062172888632, BAT SlipP = 0.05, Floor = 1/4
1.11, 1.45, 1.47, 200, 0.01415519715049428, BAT SlipP = 0.05, Floor = 1/4
4.70, 6.68, 6.67, 200, 0.001799776075436909, BAT SlipP = 0.05, Floor = 1/4
3.34, 4.21, 4.28, 200, 0.01463076405037968, BAT SlipP = 0.05, Floor = 1/4
2.19, 2.78, 2.84, 200, 0.020530797817945506, BAT SlipP = 0.05, Floor = 1/4
0.65, 0.91, 0.94, 200, 0.028746180345347785, BAT SlipP = 0.05, Floor = 1/4
1.93, 2.90, 2.94, 200, 0.01388306370500255, BAT SlipP = 0.05, Floor = 1/4
0.59, 0.89, 0.87, 200, 0.024278718352815885, BAT SlipP = 0.05, Floor = 1/4
5.74, 7.40, 6.90, 200, 0.06707705554600833, BAT SlipP = 0.05, Floor = 1/4
2.55, 3.82, 3.74, 200, 0.01961197130867561, BAT SlipP = 0.05, Floor = 1/4
0.85, 1.20, 1.24, 200, 0.03186709582784814, BAT SlipP = 0.05, Floor = 1/4
0.74, 0.74, 0.74, 200, 2.9936453897052356e-06, BAT SlipP = 0.05, Floor = 1/4
3.34, 5.34, 5.46, 200, 0.02166261220809787, BAT SlipP = 0.05, Floor = 1/4
3.01, 3.29, 3.27, 200, 0.006279555570670569, BAT SlipP = 0.05, Floor = 1/4
0.41, 0.59, 0.56, 200, 0.044092749876188296, BAT SlipP = 0.05, Floor = 1/4
1.90, 2.32, 2.33, 200, 0.004271190745043169, BAT SlipP = 0.05, Floor = 1/4
3.35, 4.52, 4.43, 200, 0.021312599633855116, BAT SlipP = 0.05, Floor = 1/4
2.41, 3.30, 3.33, 200, 0.007773307144082351, BAT SlipP = 0.05, Floor = 1/4
0.92, 1.43, 1.44, 200, 0.006583085140780718, BAT SlipP = 0.05, Floor = 1/4
1.84, 2.77, 2.88, 200, 0.04223209230519691, BAT SlipP = 0.05, Floor = 1/4
1.61, 2.46, 2.47, 200, 0.005008584783079566, BAT SlipP = 0.05, Floor = 1/4
4.15, 6.22, 6.28, 200, 0.009516889594504028, BAT SlipP = 0.05, Floor = 1/4
1.60, 2.32, 2.25, 200, 0.030036400086466675, BAT SlipP = 0.05, Floor = 1/4
0.48, 0.65, 0.66, 200, 0.008157662753269342, BAT SlipP = 0.05, Floor = 1/4
1.16, 1.67, 1.55, 200, 0.07309926242866122, BAT SlipP = 0.05, Floor = 1/4
1.54, 2.27, 2.33, 200, 0.024708445396388445, BAT SlipP = 0.05, Floor = 1/4
2.74, 3.44, 3.48, 200, 0.01119740722131779, BAT SlipP = 0.05, Floor = 1/4
3.76, 4.32, 4.44, 200, 0.026721496604456833, BAT SlipP = 0.05, Floor = 1/4
3.29, 4.74, 4.73, 200, 0.0016170329285774836, BAT SlipP = 0.05, Floor = 1/4
1.37, 1.89, 1.90, 200, 0.003038871876828467, BAT SlipP = 0.05, Floor = 1/4
1.86, 2.24, 2.26, 200, 0.01038572620165403, BAT SlipP = 0.05, Floor = 1/4
1.19, 1.66, 1.70, 200, 0.025798892563441086, BAT SlipP = 0.05, Floor = 1/4
2.49, 2.56, 2.60, 200, 0.014916058773987129, BAT SlipP = 0.05, Floor = 1/4
6.61, 7.57, 7.82, 200, 0.032034530728919396, BAT SlipP = 0.05, Floor = 1/4
0.36, 0.51, 0.51, 200, 0.007064338206290635, BAT SlipP = 0.05, Floor = 1/4
3.86, 4.86, 4.83, 200, 0.0066643396366501935, BAT SlipP = 0.05, Floor = 1/4
0.71, 0.74, 0.75, 200, 0.005272951769540414, BAT SlipP = 0.05, Floor = 1/4
6.85, 8.05, 8.05, 200, 2.1979145593931463e-05, BAT SlipP = 0.05, Floor = 1/4
0.58, 0.82, 0.82, 200, 0.00821730945133693, BAT SlipP = 0.05, Floor = 1/4
5.47, 7.74, 8.04, 200, 0.03844141297358762, BAT SlipP = 0.05, Floor = 1/4
3.38, 3.79, 3.79, 200, 0.0015857425256353376, BAT SlipP = 0.05, Floor = 1/4
2.02, 3.27, 3.12, 200, 0.04766703663674543, BAT SlipP = 0.05, Floor = 1/4
1.79, 2.21, 2.29, 200, 0.03417158168983948, BAT SlipP = 0.05, Floor = 1/4
1.97, 2.63, 2.51, 200, 0.046493252250959814, BAT SlipP = 0.05, Floor = 1/4
0.72, 1.02, 1.01, 200, 0.016324619087606896, BAT SlipP = 0.05, Floor = 1/4
1.35, 1.81, 1.82, 200, 0.004335591027827996, BAT SlipP = 0.05, Floor = 1/4
0.73, 1.04, 1.03, 200, 0.005928566897447582, BAT SlipP = 0.05, Floor = 1/4
0.85, 1.22, 1.19, 200, 0.01798355722297195, BAT SlipP = 0.05, Floor = 1/4
3.12, 4.42, 4.38, 200, 0.010886275751612972, BAT SlipP = 0.05, Floor = 1/4
0.57, 0.68, 0.68, 200, 0.0026113387323739787, BAT SlipP = 0.05, Floor = 1/4
0.97, 1.45, 1.45, 200, 0.003334817811893841, BAT SlipP = 0.05, Floor = 1/4
0.86, 1.27, 1.28, 200, 0.007720830895550228, BAT SlipP = 0.05, Floor = 1/4
1.52, 1.90, 1.99, 200, 0.04690571237831491, BAT SlipP = 0.05, Floor = 1/4
0.50, 0.86, 0.84, 200, 0.018853434939538182, BAT SlipP = 0.05, Floor = 1/4
1.90, 2.65, 2.75, 200, 0.041043177972882997, BAT SlipP = 0.05, Floor = 1/4
0.72, 0.80, 0.79, 200, 0.01129812654325339, BAT SlipP = 0.05, Floor = 1/4
0.77, 0.85, 0.86, 200, 0.008661604187959478, BAT SlipP = 0.05, Floor = 1/4
1.21, 1.62, 1.58, 200, 0.02611943673973372, BAT SlipP = 0.05, Floor = 1/4
0.78, 1.02, 0.99, 200, 0.0335002157293729, BAT SlipP = 0.05, Floor = 1/4
4.88, 6.13, 6.21, 200, 0.012334286269978553, BAT SlipP = 0.05, Floor = 1/4
0.40, 0.63, 0.63, 200, 0.007219434524375966, BAT SlipP = 0.05, Floor = 1/4
0.62, 0.96, 1.03, 200, 0.06428819425875011, BAT SlipP = 0.05, Floor = 1/4
1.60, 2.52, 2.50, 200, 0.008106709454570944, BAT SlipP = 0.05, Floor = 1/4
1.53, 2.18, 2.10, 200, 0.03623922623369806, BAT SlipP = 0.05, Floor = 1/4
7.38, 8.75, 8.55, 200, 0.023013633191935296, BAT SlipP = 0.05, Floor = 1/4
2.38, 3.29, 3.17, 200, 0.03779980644054508, BAT SlipP = 0.05, Floor = 1/4
0.46, 0.55, 0.54, 200, 0.0218773125276687, BAT SlipP = 0.05, Floor = 1/4
1.40, 1.99, 2.03, 200, 0.023521952789502303, BAT SlipP = 0.05, Floor = 1/4
1.02, 1.40, 1.39, 200, 0.0034352479934828518, BAT SlipP = 0.05, Floor = 1/4
0.86, 1.07, 1.05, 200, 0.01711632372320243, BAT SlipP = 0.05, Floor = 1/4
1.38, 1.77, 1.80, 200, 0.014485567766449199, BAT SlipP = 0.05, Floor = 1/4
0.43, 0.65, 0.64, 200, 0.029943486004867122, BAT SlipP = 0.05, Floor = 1/4
2.59, 4.05, 4.30, 200, 0.060044651221183236, BAT SlipP = 0.05, Floor = 1/4
1.49, 2.19, 2.19, 200, 0.0018669393428840891, BAT SlipP = 0.05, Floor = 1/4
0.40, 0.56, 0.58, 200, 0.03142679964400631, BAT SlipP = 0.05, Floor = 1/4
0.83, 1.24, 1.37, 200, 0.10407955738996441, BAT SlipP = 0.05, Floor = 1/4
2.78, 3.69, 3.51, 200, 0.05056204993010211, BAT SlipP = 0.05, Floor = 1/4
1.47, 2.00, 2.02, 200, 0.011136317020671107, BAT SlipP = 0.05, Floor = 1/4
1.86, 2.16, 2.12, 200, 0.01701775190794731, BAT SlipP = 0.05, Floor = 1/4
3.71, 5.08, 4.97, 200, 0.023113400494177126, BAT SlipP = 0.05, Floor = 1/4
5.95, 8.94, 8.87, 200, 0.00798019592620234, BAT SlipP = 0.05, Floor = 1/4
0.74, 0.91, 0.93, 200, 0.021074864366339385, BAT SlipP = 0.05, Floor = 1/4
3.55, 5.00, 4.90, 200, 0.02037235183946349, BAT SlipP = 0.05, Floor = 1/4
2.41, 2.84, 2.84, 200, 0.0021995837282866395, BAT SlipP = 0.05, Floor = 1/4
1.04, 1.47, 1.44, 200, 0.022035038033601, BAT SlipP = 0.05, Floor = 1/4
1.81, 1.99, 2.00, 200, 0.005458142412460038, BAT SlipP = 0.05, Floor = 1/4
0.44, 0.66, 0.67, 200, 0.013615670603174562, BAT SlipP = 0.05, Floor = 1/4
1.74, 2.28, 2.28, 200, 0.0021988960012906318, BAT SlipP = 0.05, Floor = 1/4
1.15, 1.72, 1.75, 200, 0.01641011390248974, BAT SlipP = 0.05, Floor = 1/4
0.56, 0.75, 0.77, 200, 0.020109122670811715, BAT SlipP = 0.05, Floor = 1/4
1.30, 1.83, 1.79, 200, 0.019960143923320135, BAT SlipP = 0.05, Floor = 1/4
1.21, 1.27, 1.26, 200, 0.0026397557172219855, BAT SlipP = 0.05, Floor = 1/4
2.51, 3.19, 3.30, 200, 0.03252033164671739, BAT SlipP = 0.05, Floor = 1/4
1.26, 1.43, 1.43, 200, 0.0018924349488644058, BAT SlipP = 0.05, Floor = 1/4
1.76, 2.68, 2.61, 200, 0.02735713202821502, BAT SlipP = 0.05, Floor = 1/4
0.40, 0.61, 0.61, 200, 0.0032015533892086356, BAT SlipP = 0.05, Floor = 1/4
0.75, 1.01, 1.06, 200, 0.044579876972255114, BAT SlipP = 0.05, Floor = 1/4
2.51, 3.25, 3.19, 200, 0.017104505625254004, BAT SlipP = 0.05, Floor = 1/4
0.70, 1.01, 1.00, 200, 0.01759747184726937, BAT SlipP = 0.05, Floor = 1/4
1.32, 1.76, 1.75, 200, 0.002940693177059974, BAT SlipP = 0.05, Floor = 1/4
4.27, 7.27, 6.84, 200, 0.0588692289132249, BAT SlipP = 0.05, Floor = 1/4
4.15, 5.24, 5.50, 200, 0.0494937690389539, BAT SlipP = 0.05, Floor = 1/4
1.29, 1.86, 1.97, 200, 0.056853323969122536, BAT SlipP = 0.05, Floor = 1/4
6.38, 9.07, 8.91, 200, 0.017140117339670063, BAT SlipP = 0.05, Floor = 1/4
0.82, 1.24, 1.30, 200, 0.052010095649467805, BAT SlipP = 0.05, Floor = 1/4
1.04, 1.43, 1.48, 200, 0.030756649341802698, BAT SlipP = 0.05, Floor = 1/4
0.96, 1.12, 1.11, 200, 0.00642321523316633, BAT SlipP = 0.05, Floor = 1/4
0.54, 0.92, 0.92, 200, 0.005577982420918464, BAT SlipP = 0.05, Floor = 1/4
0.60, 0.87, 0.89, 200, 0.02536481382027208, BAT SlipP = 0.05, Floor = 1/4
1.20, 1.98, 2.08, 200, 0.05201320936612845, BAT SlipP = 0.05, Floor = 1/4
0.77, 0.93, 0.93, 200, 0.003110499791796935, BAT SlipP = 0.05, Floor = 1/4
3.88, 4.40, 4.46, 200, 0.013545712270898175, BAT SlipP = 0.05, Floor = 1/4
1.02, 1.62, 1.54, 200, 0.04572422157973735, BAT SlipP = 0.05, Floor = 1/4
1.19, 1.61, 1.63, 200, 0.009266415431717962, BAT SlipP = 0.05, Floor = 1/4
1.48, 2.26, 2.17, 200, 0.03773617696111256, BAT SlipP = 0.05, Floor = 1/4
0.56, 0.77, 0.76, 200, 0.0182574282343805, BAT SlipP = 0.05, Floor = 1/4
5.31, 7.07, 7.00, 200, 0.010299173729435106, BAT SlipP = 0.05, Floor = 1/4
0.58, 0.89, 0.87, 200, 0.013826301439843454, BAT SlipP = 0.05, Floor = 1/4
1.57, 2.35, 2.32, 200, 0.015693902461134696, BAT SlipP = 0.05, Floor = 1/4
0.49, 0.72, 0.75, 200, 0.03206605550049674, BAT SlipP = 0.05, Floor = 1/4
0.93, 1.39, 1.41, 200, 0.01219333016184962, BAT SlipP = 0.05, Floor = 1/4
0.74, 1.20, 1.24, 200, 0.035131556698720444, BAT SlipP = 0.05, Floor = 1/4
8.09, 8.53, 8.65, 200, 0.013502949277218788, BAT SlipP = 0.05, Floor = 1/4
0.91, 1.38, 1.43, 200, 0.031296806764100286, BAT SlipP = 0.05, Floor = 1/4
4.77, 6.84, 6.71, 200, 0.018400004746369478, BAT SlipP = 0.05, Floor = 1/4
1.02, 1.11, 1.13, 200, 0.013815916314099367, BAT SlipP = 0.05, Floor = 1/4
1.14, 1.53, 1.48, 200, 0.0324611028310317, BAT SlipP = 0.05, Floor = 1/4
1.75, 2.66, 2.62, 200, 0.01574707688279491, BAT SlipP = 0.05, Floor = 1/4
1.53, 1.82, 1.79, 200, 0.014348409552313481, BAT SlipP = 0.05, Floor = 1/4
1.07, 1.22, 1.23, 200, 0.0058073642266230656, BAT SlipP = 0.05, Floor = 1/4
0.94, 1.27, 1.32, 200, 0.0396123777038697, BAT SlipP = 0.05, Floor = 1/4
0.88, 1.16, 1.17, 200, 0.012049405885542286, BAT SlipP = 0.05, Floor = 1/4
1.34, 2.19, 2.22, 200, 0.015429421131457897, BAT SlipP = 0.05, Floor = 1/4
2.25, 3.77, 3.74, 200, 0.00836865886578745, BAT SlipP = 0.05, Floor = 1/4
0.66, 0.82, 0.82, 200, 0.005556125918561091, BAT SlipP = 0.05, Floor = 1/4
3.18, 4.19, 4.16, 200, 0.006299153323592942, BAT SlipP = 0.05, Floor = 1/4
1.65, 2.54, 2.52, 200, 0.010390569907436083, BAT SlipP = 0.05, Floor = 1/4
3.62, 4.70, 4.62, 200, 0.016238059657574022, BAT SlipP = 0.05, Floor = 1/4
2.86, 4.27, 4.54, 200, 0.06251604868936893, BAT SlipP = 0.05, Floor = 1/4
3.22, 3.89, 4.00, 200, 0.026985843528686944, BAT SlipP = 0.05, Floor = 1/4
4.80, 6.59, 6.90, 200, 0.0466315172134203, BAT SlipP = 0.05, Floor = 1/4
1.76, 2.55, 2.53, 200, 0.009902072056693323, BAT SlipP = 0.05, Floor = 1/4
0.68, 1.00, 1.02, 200, 0.019559770096753346, BAT SlipP = 0.05, Floor = 1/4
7.89, 8.00, 8.13, 200, 0.015425457784167365, BAT SlipP = 0.05, Floor = 1/4
0.45, 0.73, 0.73, 200, 0.004601921205004956, BAT SlipP = 0.05, Floor = 1/4
0.47, 0.65, 0.65, 200, 0.0018808852370124694, BAT SlipP = 0.05, Floor = 1/4
0.74, 0.99, 1.00, 200, 0.017109667890585885, BAT SlipP = 0.05, Floor = 1/4
0.95, 1.38, 1.41, 200, 0.015354624468059673, BAT SlipP = 0.05, Floor = 1/4
1.72, 2.41, 2.43, 200, 0.009065284769933511, BAT SlipP = 0.05, Floor = 1/4
4.44, 6.32, 6.28, 200, 0.006147892843555157, BAT SlipP = 0.05, Floor = 1/4
0.43, 0.64, 0.63, 200, 0.02045227192201526, BAT SlipP = 0.05, Floor = 1/4
0.71, 0.92, 0.92, 200, 0.006851989605897804, BAT SlipP = 0.05, Floor = 1/4
5.45, 8.72, 8.20, 200, 0.05942278678711874, BAT SlipP = 0.05, Floor = 1/4
1.53, 1.76, 1.75, 200, 0.007031155050578624, BAT SlipP = 0.05, Floor = 1/4
0.38, 0.60, 0.59, 200, 0.010321191600625243, BAT SlipP = 0.05, Floor = 1/4
0.70, 1.21, 1.14, 200, 0.06287355456730279, BAT SlipP = 0.05, Floor = 1/4
4.10, 5.45, 5.50, 200, 0.008318513196260726, BAT SlipP = 0.05, Floor = 1/4
0.55, 0.56, 0.57, 200, 0.028939392632812453, BAT SlipP = 0.05, Floor = 1/4
1.08, 1.66, 1.57, 200, 0.05506708889228037, BAT SlipP = 0.05, Floor = 1/4
2.51, 2.82, 2.82, 200, 0.0006665824835249918, BAT SlipP = 0.05, Floor = 1/4
1.94, 2.47, 2.54, 200, 0.026659613320385606, BAT SlipP = 0.05, Floor = 1/4
1.49, 2.18, 2.28, 200, 0.046180395536990784, BAT SlipP = 0.05, Floor = 1/4
4.81, 7.24, 6.90, 200, 0.0468334530743084, BAT SlipP = 0.05, Floor = 1/4
0.46, 0.70, 0.72, 200, 0.02157265368333507, BAT SlipP = 0.05, Floor = 1/4
1.69, 2.82, 2.94, 200, 0.04080719087749704, BAT SlipP = 0.05, Floor = 1/4
1.67, 2.03, 2.02, 200, 0.004590691478952742, BAT SlipP = 0.05, Floor = 1/4
1.45, 1.57, 1.58, 200, 0.006726728815406489, BAT SlipP = 0.05, Floor = 1/4
0.50, 0.80, 0.78, 200, 0.02853631569690867, BAT SlipP = 0.05, Floor = 1/4
1.14, 1.67, 1.80, 200, 0.07513439821026378, BAT SlipP = 0.05, Floor = 1/4
0.86, 1.25, 1.21, 200, 0.030659686687215183, BAT SlipP = 0.05, Floor = 1/4
1.25, 1.67, 1.66, 200, 0.006718942364621506, BAT SlipP = 0.05, Floor = 1/4
2.23, 3.21, 3.24, 200, 0.009897515029826026, BAT SlipP = 0.05, Floor = 1/4
6.53, 7.48, 7.64, 200, 0.02150503610961118, BAT SlipP = 0.05, Floor = 1/4
0.92, 1.34, 1.39, 200, 0.04151838271912834, BAT SlipP = 0.05, Floor = 1/4
0.34, 0.54, 0.54, 200, 0.012948873899893994, BAT SlipP = 0.05, Floor = 1/4
0.89, 1.25, 1.25, 200, 0.0018704656890438142, BAT SlipP = 0.05, Floor = 1/4
1.04, 1.33, 1.34, 200, 0.009162499047837377, BAT SlipP = 0.05, Floor = 1/4
1.23, 1.60, 1.69, 200, 0.05464263704261003, BAT SlipP = 0.05, Floor = 1/4
2.18, 3.40, 3.51, 200, 0.03201544855506022, BAT SlipP = 0.05, Floor = 1/4
0.70, 0.87, 0.86, 200, 0.01008741601281832, BAT SlipP = 0.05, Floor = 1/4
7.42, 8.48, 8.55, 200, 0.007801605032000221, BAT SlipP = 0.05, Floor = 1/4
1.19, 1.77, 1.80, 200, 0.018859933643631376, BAT SlipP = 0.05, Floor = 1/4
2.43, 3.61, 3.67, 200, 0.01629800505567499, BAT SlipP = 0.05, Floor = 1/4
1.24, 1.75, 1.64, 200, 0.06290335051906938, BAT SlipP = 0.05, Floor = 1/4
0.35, 0.56, 0.54, 200, 0.03510817414205965, BAT SlipP = 0.05, Floor = 1/4
0.58, 0.88, 0.88, 200, 0.0002185356683463636, BAT SlipP = 0.05, Floor = 1/4
0.55, 0.77, 0.75, 200, 0.025943423223948076, BAT SlipP = 0.05, Floor = 1/4
2.48, 3.92, 3.94, 200, 0.004786005924305338, BAT SlipP = 0.05, Floor = 1/4
0.61, 0.78, 0.79, 200, 0.01749302171355716, BAT SlipP = 0.05, Floor = 1/4
2.09, 3.00, 3.13, 200, 0.04484497570628497, BAT SlipP = 0.05, Floor = 1/4
1.45, 2.19, 2.13, 200, 0.027824174157678197, BAT SlipP = 0.05, Floor = 1/4
3.54, 4.46, 4.39, 200, 0.017361537930890347, BAT SlipP = 0.05, Floor = 1/4
1.03, 1.16, 1.16, 200, 0.0010363986951855719, BAT SlipP = 0.05, Floor = 1/4
2.41, 3.68, 3.78, 200, 0.025228839631188278, BAT SlipP = 0.05, Floor = 1/4
2.93, 3.89, 3.85, 200, 0.008918208739940783, BAT SlipP = 0.05, Floor = 1/4
1.56, 2.30, 2.34, 200, 0.017636740300182408, BAT SlipP = 0.05, Floor = 1/4
0.74, 0.90, 0.90, 200, 0.0020868382943679794, BAT SlipP = 0.05, Floor = 1/4
0.58, 0.76, 0.77, 200, 0.021468623034662754, BAT SlipP = 0.05, Floor = 1/4
4.84, 6.68, 6.58, 200, 0.015338369648182694, BAT SlipP = 0.05, Floor = 1/4
2.62, 3.97, 3.69, 200, 0.07167202839730365, BAT SlipP = 0.05, Floor = 1/4
4.22, 6.76, 6.71, 200, 0.006186664140932348, BAT SlipP = 0.05, Floor = 1/4
1.09, 1.40, 1.42, 200, 0.0122873840691466, BAT SlipP = 0.05, Floor = 1/4
4.98, 7.73, 7.82, 200, 0.011173927115284725, BAT SlipP = 0.05, Floor = 1/4
0.82, 1.17, 1.20, 200, 0.023315468015626027, BAT SlipP = 0.05, Floor = 1/4
3.99, 6.11, 5.97, 200, 0.023487264904636047, BAT SlipP = 0.05, Floor = 1/4
1.29, 2.10, 2.08, 200, 0.008999031305319588, BAT SlipP = 0.05, Floor = 1/4
0.85, 1.19, 1.16, 200, 0.026416372119700774, BAT SlipP = 0.05, Floor = 1/4
1.47, 1.69, 1.75, 200, 0.03213677087358319, BAT SlipP = 0.05, Floor = 1/4
0.84, 1.08, 1.09, 200, 0.008786709280664896, BAT SlipP = 0.05, Floor = 1/4
0.79, 1.07, 1.04, 200, 0.03700644821974788, BAT SlipP = 0.05, Floor = 1/4
4.12, 4.18, 4.16, 200, 0.00504219484374821, BAT SlipP = 0.05, Floor = 1/4
0.53, 0.71, 0.70, 200, 0.017875936857362145, BAT SlipP = 0.05, Floor = 1/4
2.73, 3.92, 4.02, 200, 0.02626918726934252, BAT SlipP = 0.05, Floor = 1/4
0.51, 0.85, 0.80, 200, 0.058480938847496146, BAT SlipP = 0.05, Floor = 1/4
0.54, 0.80, 0.82, 200, 0.02815848290865972, BAT SlipP = 0.05, Floor = 1/4
1.29, 1.69, 1.64, 200, 0.028340727341596282, BAT SlipP = 0.05, Floor = 1/4
2.29, 2.64, 2.59, 200, 0.01639540307736276, BAT SlipP = 0.05, Floor = 1/4
0.52, 0.84, 0.85, 200, 0.005871436935975027, BAT SlipP = 0.05, Floor = 1/4
0.84, 1.12, 1.08, 200, 0.03442290436292859, BAT SlipP = 0.05, Floor = 1/4
5.12, 8.58, 8.77, 200, 0.022694013694281253, BAT SlipP = 0.05, Floor = 1/4
5.31, 7.27, 7.03, 200, 0.03352920365709232, BAT SlipP = 0.05, Floor = 1/4
1.47, 2.13, 2.13, 200, 0.0008110195253201385, BAT SlipP = 0.05, Floor = 1/4
4.33, 5.73, 5.70, 200, 0.004350579182885968, BAT SlipP = 0.05, Floor = 1/4
2.35, 3.18, 3.27, 200, 0.026692313480034993, BAT SlipP = 0.05, Floor = 1/4
1.99, 2.56, 2.52, 200, 0.015332594294873181, BAT SlipP = 0.05, Floor = 1/4
3.28, 4.24, 4.26, 200, 0.0046997601384938, BAT SlipP = 0.05, Floor = 1/4
0.63, 0.83, 0.81, 200, 0.019007949895757572, BAT SlipP = 0.05, Floor = 1/4
1.97, 3.05, 3.11, 200, 0.019121096809589146, BAT SlipP = 0.05, Floor = 1/4
5.82, 8.01, 8.24, 200, 0.02845331571807685, BAT SlipP = 0.05, Floor = 1/4
3.37, 4.40, 4.46, 200, 0.013108833643332716, BAT SlipP = 0.05, Floor = 1/4
2.78, 3.92, 3.97, 200, 0.013604592817478401, BAT SlipP = 0.05, Floor = 1/4
2.67, 3.22, 3.22, 200, 0.0016932847010363485, BAT SlipP = 0.05, Floor = 1/4
0.53, 0.74, 0.72, 200, 0.024551749397926034, BAT SlipP = 0.05, Floor = 1/4
1.00, 1.55, 1.66, 200, 0.0757110613560771, BAT SlipP = 0.05, Floor = 1/4
0.56, 0.75, 0.76, 200, 0.015445633390045652, BAT SlipP = 0.05, Floor = 1/4
1.16, 1.77, 1.67, 200, 0.05884310096960432, BAT SlipP = 0.05, Floor = 1/4
1.26, 1.91, 1.94, 200, 0.014876726512058845, BAT SlipP = 0.05, Floor = 1/4
6.47, 9.54, 9.71, 200, 0.01748212765996084, BAT SlipP = 0.05, Floor = 1/4
1.79, 2.42, 2.41, 200, 0.005635816970452541, BAT SlipP = 0.05, Floor = 1/4
2.13, 2.75, 2.77, 200, 0.005116662590403045, BAT SlipP = 0.05, Floor = 1/4
0.73, 1.08, 1.06, 200, 0.022931851462476435, BAT SlipP = 0.05, Floor = 1/4
2.35, 3.54, 3.48, 200, 0.014706135059622372, BAT SlipP = 0.05, Floor = 1/4
2.59, 3.43, 3.43, 200, 0.0007999377382949298, BAT SlipP = 0.05, Floor = 1/4
3.67, 4.44, 4.39, 200, 0.012909646010685063, BAT SlipP = 0.05, Floor = 1/4
6.68, 9.10, 9.04, 200, 0.007363720920699183, BAT SlipP = 0.05, Floor = 1/4
2.72, 3.10, 3.13, 200, 0.0081257468809805, BAT SlipP = 0.05, Floor = 1/4
3.59, 5.03, 4.84, 200, 0.03691857574009261, BAT SlipP = 0.05, Floor = 1/4
2.73, 4.21, 4.02, 200, 0.0446523061398292, BAT SlipP = 0.05, Floor = 1/4
2.07, 2.19, 2.22, 200, 0.011740298708833198, BAT SlipP = 0.05, Floor = 1/4
1.67, 2.13, 2.16, 200, 0.014165183197576404, BAT SlipP = 0.05, Floor = 1/4
4.19, 4.73, 4.78, 200, 0.01006637044659179, BAT SlipP = 0.05, Floor = 1/4
2.65, 4.00, 4.00, 200, 0.0003019682097412402, BAT SlipP = 0.05, Floor = 1/4
0.76, 1.09, 1.11, 200, 0.019124941886321606, BAT SlipP = 0.05, Floor = 1/4
1.23, 1.75, 1.75, 200, 0.004376217031029427, BAT SlipP = 0.05, Floor = 1/4
4.19, 5.13, 5.05, 200, 0.016026789156744988, BAT SlipP = 0.05, Floor = 1/4
0.39, 0.62, 0.60, 200, 0.04062288793187612, BAT SlipP = 0.05, Floor = 1/4
2.02, 2.40, 2.41, 200, 0.0023759514647900696, BAT SlipP = 0.05, Floor = 1/4
4.57, 5.68, 5.69, 200, 0.0006293400030659926, BAT SlipP = 0.05, Floor = 1/4
0.86, 1.24, 1.23, 200, 0.005487832321974715, BAT SlipP = 0.05, Floor = 1/4
0.37, 0.56, 0.54, 200, 0.03235725033137729, BAT SlipP = 0.05, Floor = 1/4
4.23, 6.14, 6.14, 200, 0.0006531998658355858, BAT SlipP = 0.05, Floor = 1/4
3.08, 4.22, 4.11, 200, 0.026826652863588804, BAT SlipP = 0.05, Floor = 1/4
1.21, 1.70, 1.65, 200, 0.02629036156831426, BAT SlipP = 0.05, Floor = 1/4
1.67, 2.41, 2.52, 200, 0.04634018865350001, BAT SlipP = 0.05, Floor = 1/4
1.85, 2.61, 2.61, 200, 0.0028026996907514184, BAT SlipP = 0.05, Floor = 1/4
1.46, 2.23, 2.24, 200, 0.005570446153043249, BAT SlipP = 0.05, Floor = 1/4
0.38, 0.53, 0.55, 200, 0.03099053180136362, BAT SlipP = 0.05, Floor = 1/4
9.25, 9.93, 10.00, 200, 0.0074582571192516964, BAT SlipP = 0.05, Floor = 1/4
3.06, 3.25, 3.26, 200, 0.003384228278864016, BAT SlipP = 0.05, Floor = 1/4
0.69, 0.82, 0.83, 200, 0.017144970224283112, BAT SlipP = 0.05, Floor = 1/4
2.07, 3.08, 3.10, 200, 0.005888554623344031, BAT SlipP = 0.05, Floor = 1/4
1.74, 1.91, 1.91, 200, 0.0018263662760271426, BAT SlipP = 0.05, Floor = 1/4
0.57, 0.79, 0.77, 200, 0.03072392427336299, BAT SlipP = 0.05, Floor = 1/4
0.81, 0.90, 0.91, 200, 0.01094071954823284, BAT SlipP = 0.05, Floor = 1/4
1.80, 2.09, 2.07, 200, 0.006391634246970969, BAT SlipP = 0.05, Floor = 1/4
1.79, 2.26, 2.30, 200, 0.01772789273919662, BAT SlipP = 0.05, Floor = 1/4
1.43, 1.70, 1.72, 200, 0.01111346423639755, BAT SlipP = 0.05, Floor = 1/4
3.35, 5.10, 5.05, 200, 0.010825170537241023, BAT SlipP = 0.05, Floor = 1/4
1.25, 1.84, 1.85, 200, 0.0027057585564076213, BAT SlipP = 0.05, Floor = 1/4
1.52, 2.24, 2.25, 200, 0.006133834737325946, BAT SlipP = 0.05, Floor = 1/4
0.55, 0.80, 0.81, 200, 0.006086294880494846, BAT SlipP = 0.05, Floor = 1/4
2.04, 2.63, 2.57, 200, 0.022734753434168586, BAT SlipP = 0.05, Floor = 1/4
0.66, 0.83, 0.82, 200, 0.0158385642086068, BAT SlipP = 0.05, Floor = 1/4
1.08, 1.24, 1.24, 200, 0.0012713595227651466, BAT SlipP = 0.05, Floor = 1/4
4.75, 6.43, 6.31, 200, 0.018992402726879288, BAT SlipP = 0.05, Floor = 1/4
5.38, 5.84, 5.86, 200, 0.0031850950895207742, BAT SlipP = 0.05, Floor = 1/4
1.49, 1.67, 1.65, 200, 0.008177790194887749, BAT SlipP = 0.05, Floor = 1/4
0.73, 0.99, 1.02, 200, 0.0240532913971646, BAT SlipP = 0.05, Floor = 1/4
1.97, 2.95, 2.86, 200, 0.029030486377484344, BAT SlipP = 0.05, Floor = 1/4
0.97, 1.47, 1.46, 200, 0.005052130935642757, BAT SlipP = 0.05, Floor = 1/4
5.76, 6.35, 6.38, 200, 0.005772194113708934, BAT SlipP = 0.05, Floor = 1/4
0.83, 1.33, 1.28, 200, 0.03244535523926939, BAT SlipP = 0.05, Floor = 1/4
1.02, 1.28, 1.28, 200, 0.006490374438916096, BAT SlipP = 0.05, Floor = 1/4
6.96, 8.22, 8.34, 200, 0.013961749531692526, BAT SlipP = 0.05, Floor = 1/4
1.59, 2.39, 2.46, 200, 0.03038653566319749, BAT SlipP = 0.05, Floor = 1/4
2.73, 3.70, 3.63, 200, 0.018079510371322147, BAT SlipP = 0.05, Floor = 1/4
0.86, 0.93, 0.92, 200, 0.003360375409004972, BAT SlipP = 0.05, Floor = 1/4
2.14, 3.05, 3.01, 200, 0.015751737941182446, BAT SlipP = 0.05, Floor = 1/4
0.47, 0.72, 0.69, 200, 0.045598048704231856, BAT SlipP = 0.05, Floor = 1/4
0.77, 1.13, 1.18, 200, 0.05095100875564772, BAT SlipP = 0.05, Floor = 1/4
2.84, 3.90, 4.24, 200, 0.085666459624786, BAT SlipP = 0.05, Floor = 1/4
3.06, 4.82, 4.78, 200, 0.010081447905160745, BAT SlipP = 0.05, Floor = 1/4
2.19, 2.48, 2.49, 200, 0.005145207017516351, BAT SlipP = 0.05, Floor = 1/4
0.88, 1.04, 1.01, 200, 0.027558973533456304, BAT SlipP = 0.05, Floor = 1/4
3.33, 4.67, 4.69, 200, 0.002944829921649265, BAT SlipP = 0.05, Floor = 1/4
1.21, 1.91, 1.86, 200, 0.02436248263104619, BAT SlipP = 0.05, Floor = 1/4
4.09, 6.87, 6.59, 200, 0.039836299827704355, BAT SlipP = 0.05, Floor = 1/4
6.79, 9.66, 9.38, 200, 0.029843199003307886, BAT SlipP = 0.05, Floor = 1/4
0.64, 0.89, 0.93, 200, 0.05007399075146395, BAT SlipP = 0.05, Floor = 1/4
1.05, 1.58, 1.54, 200, 0.02618015043655618, BAT SlipP = 0.05, Floor = 1/4
3.73, 5.14, 5.26, 200, 0.02289131639648248, BAT SlipP = 0.05, Floor = 1/4
2.01, 3.06, 3.03, 200, 0.009485411448963083, BAT SlipP = 0.05, Floor = 1/4
1.58, 2.49, 2.42, 200, 0.029600055961202243, BAT SlipP = 0.05, Floor = 1/4
1.39, 2.25, 2.28, 200, 0.01241596534517808, BAT SlipP = 0.05, Floor = 1/4
0.55, 0.65, 0.65, 200, 0.004213432363918978, BAT SlipP = 0.05, Floor = 1/4
1.20, 1.95, 1.85, 200, 0.05239452511132309, BAT SlipP = 0.05, Floor = 1/4
2.18, 3.08, 2.95, 200, 0.0429177324886987, BAT SlipP = 0.05, Floor = 1/4
2.55, 3.57, 3.52, 200, 0.014139573708789764, BAT SlipP = 0.05, Floor = 1/4
2.09, 2.81, 2.94, 200, 0.04693481541738767, BAT SlipP = 0.05, Floor = 1/4
5.12, 5.72, 5.74, 200, 0.0034248185257680593, BAT SlipP = 0.05, Floor = 1/4
4.30, 6.80, 7.00, 200, 0.028808990432199272, BAT SlipP = 0.05, Floor = 1/4
4.81, 6.37, 6.46, 200, 0.013736285474692892, BAT SlipP = 0.05, Floor = 1/4
1.50, 1.90, 1.85, 200, 0.02907088131704217, BAT SlipP = 0.05, Floor = 1/4
0.44, 0.66, 0.66, 200, 0.010941356450430553, BAT SlipP = 0.05, Floor = 1/4
0.46, 0.67, 0.68, 200, 0.018466587039477782, BAT SlipP = 0.05, Floor = 1/4
3.14, 4.73, 4.95, 200, 0.04658902465487343, BAT SlipP = 0.05, Floor = 1/4
1.64, 2.29, 2.37, 200, 0.03334009426055296, BAT SlipP = 0.05, Floor = 1/4
2.51, 4.07, 4.07, 200, 0.000688116734194026, BAT SlipP = 0.05, Floor = 1/4
0.67, 0.76, 0.76, 200, 0.008270739301161166, BAT SlipP = 0.05, Floor = 1/4
1.90, 2.21, 2.19, 200, 0.00803640158113548, BAT SlipP = 0.05, Floor = 1/4
5.28, 7.66, 7.94, 200, 0.03704899610480943, BAT SlipP = 0.05, Floor = 1/4
0.44, 0.58, 0.58, 200, 0.012037805366606038, BAT SlipP = 0.05, Floor = 1/4
3.89, 5.69, 5.69, 200, 0.00025566561532488704, BAT SlipP = 0.05, Floor = 1/4
3.84, 4.79, 4.85, 200, 0.013320530034061369, BAT SlipP = 0.05, Floor = 1/4
3.65, 4.48, 4.51, 200, 0.00625989605862674, BAT SlipP = 0.05, Floor = 1/4
5.21, 7.24, 7.01, 200, 0.03148354474861906, BAT SlipP = 0.05, Floor = 1/4
1.49, 2.09, 2.14, 200, 0.02194486429539228, BAT SlipP = 0.05, Floor = 1/4
1.75, 2.80, 3.01, 200, 0.07499552006143952, BAT SlipP = 0.05, Floor = 1/4
0.98, 1.27, 1.26, 200, 0.0038532028347768323, BAT SlipP = 0.05, Floor = 1/4
1.67, 2.47, 2.48, 200, 0.004516986481929026, BAT SlipP = 0.05, Floor = 1/4
0.50, 0.63, 0.62, 200, 0.011822950602836073, BAT SlipP = 0.05, Floor = 1/4
3.19, 5.00, 4.93, 200, 0.01399063654641416, BAT SlipP = 0.05, Floor = 1/4
0.92, 1.22, 1.19, 200, 0.02719320648642803, BAT SlipP = 0.05, Floor = 1/4
1.87, 2.81, 2.89, 200, 0.02776959615230297, BAT SlipP = 0.05, Floor = 1/4
1.23, 2.00, 2.02, 200, 0.008869184292222365, BAT SlipP = 0.05, Floor = 1/4
4.93, 5.09, 5.07, 200, 0.0034864090874740052, BAT SlipP = 0.05, Floor = 1/4
2.67, 4.49, 4.34, 200, 0.03433575276170994, BAT SlipP = 0.05, Floor = 1/4
4.19, 4.40, 4.53, 200, 0.030465837290705077, BAT SlipP = 0.05, Floor = 1/4
2.03, 2.42, 2.38, 200, 0.01676486381519711, BAT SlipP = 0.05, Floor = 1/4
2.14, 2.34, 2.37, 200, 0.012804244547971771, BAT SlipP = 0.05, Floor = 1/4
1.06, 1.27, 1.32, 200, 0.03861962860821061, BAT SlipP = 0.05, Floor = 1/4
2.02, 2.98, 2.96, 200, 0.003782764014089688, BAT SlipP = 0.05, Floor = 1/4
2.53, 3.10, 3.08, 200, 0.008202010775631038, BAT SlipP = 0.05, Floor = 1/4
1.35, 1.58, 1.59, 200, 0.0051055683934965726, BAT SlipP = 0.05, Floor = 1/4
4.52, 6.96, 6.68, 200, 0.03981891823311351, BAT SlipP = 0.05, Floor = 1/4
1.19, 1.75, 1.73, 200, 0.01181697372830178, BAT SlipP = 0.05, Floor = 1/4
0.55, 0.90, 0.87, 200, 0.034637386564423195, BAT SlipP = 0.05, Floor = 1/4
1.81, 2.75, 2.75, 200, 0.0003628881007411288, BAT SlipP = 0.05, Floor = 1/4
2.73, 3.79, 3.84, 200, 0.011354861769232363, BAT SlipP = 0.05, Floor = 1/4
0.42, 0.50, 0.50, 200, 0.00625325100410913, BAT SlipP = 0.05, Floor = 1/4
1.47, 2.15, 2.13, 200, 0.010800049812278403, BAT SlipP = 0.05, Floor = 1/4
0.91, 1.12, 1.13, 200, 0.00827883463501327, BAT SlipP = 0.05, Floor = 1/4
0.65, 0.90, 0.93, 200, 0.037483885494994984, BAT SlipP = 0.05, Floor = 1/4
2.36, 3.35, 3.40, 200, 0.01646887729381231, BAT SlipP = 0.05, Floor = 1/4
0.98, 1.25, 1.27, 200, 0.010382315870788325, BAT SlipP = 0.05, Floor = 1/4
7.33, 8.90, 8.77, 200, 0.01478877281100889, BAT SlipP = 0.05, Floor = 1/4
1.73, 2.70, 2.67, 200, 0.008329662804366004, BAT SlipP = 0.05, Floor = 1/4
1.02, 1.49, 1.54, 200, 0.028899141155186128, BAT SlipP = 0.05, Floor = 1/4
0.87, 1.44, 1.38, 200, 0.03822095031024895, BAT SlipP = 0.05, Floor = 1/4
1.02, 1.26, 1.28, 200, 0.012255133430622164, BAT SlipP = 0.05, Floor = 1/4
1.13, 1.51, 1.56, 200, 0.036703674654710756, BAT SlipP = 0.05, Floor = 1/4
0.72, 0.78, 0.78, 200, 0.0038787700277010378, BAT SlipP = 0.05, Floor = 1/4
2.91, 4.52, 4.52, 200, 0.0002444742182459537, BAT SlipP = 0.05, Floor = 1/4
3.46, 5.58, 5.71, 200, 0.024368468764700123, BAT SlipP = 0.05, Floor = 1/4
3.31, 3.83, 3.89, 200, 0.0155864998888284, BAT SlipP = 0.05, Floor = 1/4
6.29, 8.34, 8.20, 200, 0.016410624710878063, BAT SlipP = 0.05, Floor = 1/4
6.04, 9.16, 9.23, 200, 0.0071337955400062394, BAT SlipP = 0.05, Floor = 1/4
0.64, 0.68, 0.69, 200, 0.012611017568795806, BAT SlipP = 0.05, Floor = 1/4
3.25, 4.21, 4.22, 200, 0.001065051187587507, BAT SlipP = 0.05, Floor = 1/4
1.55, 2.28, 2.15, 200, 0.05720370945572334, BAT SlipP = 0.05, Floor = 1/4
3.60, 4.87, 4.78, 200, 0.01971828192842755, BAT SlipP = 0.05, Floor = 1/4
1.27, 1.89, 1.85, 200, 0.023732777841005203, BAT SlipP = 0.05, Floor = 1/4
5.06, 5.89, 5.93, 200, 0.006471456743730016, BAT SlipP = 0.05, Floor = 1/4
5.06, 6.30, 6.31, 200, 0.0020383403390990245, BAT SlipP = 0.05, Floor = 1/4
3.44, 4.93, 5.07, 200, 0.028240774879458978, BAT SlipP = 0.05, Floor = 1/4
1.13, 1.78, 1.69, 200, 0.052831282348710026, BAT SlipP = 0.05, Floor = 1/4
0.63, 0.94, 0.92, 200, 0.01904308656671398, BAT SlipP = 0.05, Floor = 1/4
1.09, 1.79, 1.81, 200, 0.014208783029884353, BAT SlipP = 0.05, Floor = 1/4
0.97, 1.21, 1.21, 200, 0.0032512837728752796, BAT SlipP = 0.05, Floor = 1/4
3.06, 5.02, 4.82, 200, 0.03954361248608985, BAT SlipP = 0.05, Floor = 1/4
0.61, 0.86, 0.86, 200, 0.010772084619575732, BAT SlipP = 0.05, Floor = 1/4
3.80, 5.09, 5.22, 200, 0.02548038035484663, BAT SlipP = 0.05, Floor = 1/4
2.77, 3.68, 3.61, 200, 0.020304553213608585, BAT SlipP = 0.05, Floor = 1/4
1.51, 1.91, 1.94, 200, 0.015189135144849392, BAT SlipP = 0.05, Floor = 1/4
1.26, 1.32, 1.32, 200, 0.003991349397146761, BAT SlipP = 0.05, Floor = 1/4
1.34, 1.99, 2.00, 200, 0.004299667704758126, BAT SlipP = 0.05, Floor = 1/4
1.03, 1.38, 1.41, 200, 0.02346106617006494, BAT SlipP = 0.05, Floor = 1/4
3.97, 5.19, 5.24, 200, 0.008911094746153439, BAT SlipP = 0.05, Floor = 1/4
3.65, 4.59, 4.60, 200, 0.002705836666891264, BAT SlipP = 0.05, Floor = 1/4
4.55, 6.43, 6.22, 200, 0.031464357105951385, BAT SlipP = 0.05, Floor = 1/4
2.86, 3.53, 3.51, 200, 0.006503811930524693, BAT SlipP = 0.05, Floor = 1/4
3.73, 6.09, 5.94, 200, 0.02367465489376133, BAT SlipP = 0.05, Floor = 1/4
1.10, 1.46, 1.52, 200, 0.0421477001481406, BAT SlipP = 0.05, Floor = 1/4
5.73, 6.09, 6.10, 200, 0.0015308388960052744, BAT SlipP = 0.05, Floor = 1/4
8.01, 9.96, 9.86, 200, 0.009395013200500167, BAT SlipP = 0.05, Floor = 1/4
1.78, 2.71, 2.63, 200, 0.029326087033921283, BAT SlipP = 0.05, Floor = 1/4
4.47, 5.29, 5.37, 200, 0.014942132435913759, BAT SlipP = 0.05, Floor = 1/4
